date,wai_qoq,wai_qoq_lo,wai_qoq_hi,wai_yoy,wai_index,wai_qoq_q,wai_yoy_q,gdp_qoq,gdp_yoy,gdp_index
1990-01-07,9.737,5.2069,14.2671,,61.8027,,,,,
1990-01-14,9.0107,4.4184,13.603,,61.9139,,,,,
1990-01-21,8.0825,3.2324,12.9327,,62.0142,,,,,
1990-01-28,7.1546,2.0599,12.2492,,62.1036,,,,,
1990-02-07,6.3309,1.1296,11.5322,,62.1831,,,,,
1990-02-14,5.4365,0.2209,10.6521,,62.2517,,,,,
1990-02-21,4.4818,-0.6104,9.574,,62.3086,,,,,
1990-02-28,3.573,-1.3371,8.4832,,62.3542,,,,,
1990-03-07,2.7263,-1.9154,7.368,,62.3891,,,,,
1990-03-14,2.0381,-2.3488,6.4251,,62.4153,,,,,
1990-03-21,1.3691,-2.658,5.3962,,62.433,,,,,
1990-03-28,0.7872,-3.0081,4.5825,,62.4432,,,8.1171,5.5491,62.6068
1990-04-07,0.4603,-3.2868,4.2075,,62.4492,,,,,
1990-04-14,0.3255,-3.5141,4.1651,,62.4534,,,,,
1990-04-21,0.2214,-3.9158,4.3586,,62.4563,,,,,
1990-04-28,0.2395,-4.079,4.558,,62.4594,,,,,
1990-05-07,0.3875,-4.1945,4.9696,,62.4644,,,,,
1990-05-14,0.5571,-4.035,5.1493,,62.4717,,,,,
1990-05-21,0.7,-3.9578,5.3578,,62.4808,,,,,
1990-05-28,0.7601,-3.8201,5.3403,,62.4906,,,,,
1990-06-07,0.7898,-3.4988,5.0785,,62.5009,,,,,
1990-06-14,0.7674,-3.3816,4.9165,,62.5108,,,,,
1990-06-21,0.7597,-3.0877,4.6072,,62.5207,,,,,
1990-06-28,0.7379,-3.0061,4.4819,,62.5302,1.7123,,1.6845,4.2468,62.8688
1990-07-07,0.59,-3.163,4.343,,62.5379,,,,,
1990-07-14,0.3216,-3.463,4.1062,,62.5421,,,,,
1990-07-21,-0.0302,-4.0558,3.9955,,62.5417,,,,,
1990-07-28,-0.5338,-4.7238,3.6563,,62.5347,,,,,
1990-08-07,-1.0225,-5.3544,3.3093,,62.5213,,,,,
1990-08-14,-1.6082,-6.0503,2.834,,62.5002,,,,,
1990-08-21,-2.0539,-6.4198,2.3121,,62.4732,,,,,
1990-08-28,-2.6221,-6.8279,1.5837,,62.4386,,,,,
1990-09-07,-2.9943,-7.0248,1.0362,,62.3991,,,,,
1990-09-14,-3.3861,-7.3255,0.5533,,62.3543,,,,,
1990-09-21,-3.7104,-7.428,0.0072,,62.3052,,,,,
1990-09-28,-4.0032,-7.6551,-0.3514,,62.2522,-0.2068,,-0.2238,3.2907,62.8336
1990-10-07,-3.9285,-7.5285,-0.3284,,62.2003,,,,,
1990-10-14,-3.6296,-7.3775,0.1183,,62.1524,,,,,
1990-10-21,-3.1657,-7.0347,0.7033,,62.1107,,,,,
1990-10-28,-2.526,-6.443,1.3909,,62.0776,,,,,
1990-11-07,-1.8422,-5.8645,2.1801,,62.0536,,,,,
1990-11-14,-1.0439,-5.1522,3.0643,,62.04,,,,,
1990-11-21,-0.1608,-4.394,4.0724,,62.038,,,,,
1990-11-28,0.6052,-3.8436,5.054,,62.0458,,,,,
1990-12-07,1.3248,-3.1814,5.831,,62.0628,,,,,
1990-12-14,2.1094,-2.3217,6.5405,,62.0898,,,,,
1990-12-21,2.5895,-1.7008,6.8797,,62.1228,,,,,
1990-12-28,3.087,-1.0795,7.2535,,62.1622,-2.2464,,-2.2922,1.7481,62.4704
1991-01-07,3.3932,-0.6681,7.4545,0.6516,62.2054,,,,,
1991-01-14,3.2401,-0.7205,7.2008,0.5376,62.2468,,,,,
1991-01-21,2.7433,-1.3535,6.8401,0.4316,62.2819,,,,,
1991-01-28,2.1524,-2.1993,6.5042,0.3316,62.3095,,,,,
1991-02-07,1.2567,-3.3889,5.9022,0.2294,62.3257,,,,,
1991-02-14,0.1321,-4.8748,5.1391,0.1217,62.3274,,,,,
1991-02-21,-1.0409,-6.1788,4.097,0.0085,62.3139,,,,,
1991-02-28,-2.3266,-7.4681,2.8149,-0.1136,62.2833,,,,,
1991-03-07,-3.5778,-8.5999,1.4442,-0.2453,62.2361,,,,,
1991-03-14,-4.6523,-9.246,-0.0585,-0.3862,62.1743,,,,,
1991-03-21,-5.653,-9.8469,-1.4591,-0.535,62.099,,,,,
1991-03-28,-6.2759,-10.1734,-2.3784,-0.6855,62.0152,0.8954,0.0276,0.8875,0.0028,62.6086
1991-04-07,-6.5531,-10.1863,-2.9198,-0.8351,61.9277,,,,,
1991-04-14,-6.5335,-10.2581,-2.8089,-0.9813,61.8406,,,,,
1991-04-21,-6.3367,-10.3984,-2.275,-1.1208,61.7563,,,,,
1991-04-28,-5.8117,-10.2851,-1.3384,-1.249,61.6793,,,,,
1991-05-07,-5.0652,-9.925,-0.2054,-1.3638,61.6125,,,,,
1991-05-14,-4.256,-9.3811,0.8691,-1.4645,61.5567,,,,,
1991-05-21,-3.3782,-8.3968,1.6403,-1.5494,61.5127,,,,,
1991-05-28,-2.4903,-7.3884,2.4078,-1.6166,61.4804,,,,,
1991-06-07,-1.7137,-6.2983,2.8709,-1.6682,61.4582,,,,,
1991-06-14,-1.0161,-5.1868,3.1547,-1.7047,61.4452,,,,,
1991-06-21,-0.2687,-4.0961,3.5587,-1.7257,61.4417,,,,,
1991-06-28,0.3782,-3.3727,4.1291,-1.7331,61.4466,-4.0404,-1.4178,-4.0913,-1.4486,61.9581
1991-07-07,0.8754,-2.8907,4.6414,-1.7273,61.4577,,,,,
1991-07-14,1.2982,-2.6571,5.2534,-1.7074,61.4742,,,,,
1991-07-21,1.5856,-2.675,5.8461,-1.6746,61.4944,,,,,
1991-07-28,1.6834,-2.7144,6.0813,-1.6294,61.5158,,,,,
1991-08-07,1.6415,-2.8924,6.1755,-1.575,61.5366,,,,,
1991-08-14,1.4656,-3.048,5.9792,-1.5119,61.5553,,,,,
1991-08-21,1.2242,-3.1754,5.6239,-1.4443,61.5709,,,,,
1991-08-28,1.0052,-3.382,5.3925,-1.3692,61.5837,,,,,
1991-09-07,0.8143,-3.3625,4.9912,-1.29,61.5941,,,,,
1991-09-14,0.5758,-3.4607,4.6124,-1.2073,61.6015,,,,,
1991-09-21,0.3624,-3.4897,4.2146,-1.122,61.6062,,,,,
1991-09-28,0.2103,-3.5382,3.9588,-1.0335,61.6089,-0.3019,-1.4413,-0.3208,-1.4725,61.9084
1991-10-07,0.1795,-3.5573,3.9162,-0.9471,61.6112,,,,,
1991-10-14,0.2309,-3.5623,4.0242,-0.866,61.6141,,,,,
1991-10-21,0.3386,-3.6263,4.3036,-0.7926,61.6185,,,,,
1991-10-28,0.5108,-3.602,4.6236,-0.7292,61.625,,,,,
1991-11-07,0.7137,-3.4378,4.8651,-0.676,61.6341,,,,,
1991-11-14,1.0443,-3.1371,5.2258,-0.6328,61.6475,,,,,
1991-11-21,1.3723,-2.8418,5.5865,-0.6012,61.665,,,,,
1991-11-28,1.5961,-2.6233,5.8154,-0.5809,61.6853,,,,,
1991-12-07,1.8975,-2.2473,6.0422,-0.5692,61.7095,,,,,
1991-12-14,2.3131,-1.7632,6.3894,-0.5651,61.7389,,,,,
1991-12-21,2.6845,-1.2967,6.6656,-0.5632,61.773,,,,,
1991-12-28,3.021,-0.854,6.896,-0.5645,61.8113,0.8334,-0.674,0.7984,-0.7025,62.0316
1992-01-07,3.2465,-0.4906,6.9837,-0.5675,61.8524,,,,,
1992-01-14,3.3226,-0.5293,7.1746,-0.5658,61.8946,,,,,
1992-01-21,3.2271,-0.7543,7.2085,-0.5561,61.9355,,,,,
1992-01-28,3.0396,-1.0554,7.1345,-0.5382,61.9742,,,,,
1992-02-07,2.7585,-1.4716,6.9886,-0.5077,62.0093,,,,,
1992-02-14,2.4752,-1.811,6.7614,-0.4597,62.0409,,,,,
1992-02-21,2.1763,-2.1323,6.485,-0.3933,62.0688,,,,,
1992-02-28,1.9045,-2.3622,6.1713,-0.3053,62.0932,,,,,
1992-03-07,1.5784,-2.5894,5.7462,-0.197,62.1134,,,,,
1992-03-14,1.0735,-2.8023,4.9492,-0.0757,62.1272,,,,,
1992-03-21,0.5774,-3.1573,4.3121,0.0575,62.1347,,,,,
1992-03-28,0.0697,-3.6153,3.7546,0.1942,62.1356,2.3148,-0.3265,2.3019,-0.3563,62.3855
1992-04-07,-0.4779,-4.1525,3.1967,0.3257,62.1294,,,,,
1992-04-14,-0.9572,-4.7131,2.7988,0.4469,62.117,,,,,
1992-04-21,-1.3073,-5.2081,2.5935,0.5564,62.0999,,,,,
1992-04-28,-1.7155,-5.6031,2.172,0.6457,62.0775,,,,,
1992-05-07,-2.0443,-5.9261,1.8375,0.7114,62.0508,,,,,
1992-05-14,-2.2928,-6.2001,1.6145,0.754,62.0209,,,,,
1992-05-21,-2.5806,-6.5045,1.3433,0.7712,61.9871,,,,,
1992-05-28,-2.8051,-6.809,1.1989,0.7644,61.9504,,,,,
1992-06-07,-3.0649,-7.0007,0.8708,0.7354,61.9102,,,,,
1992-06-14,-3.3308,-7.2821,0.6204,0.6857,61.8665,,,,,
1992-06-21,-3.4067,-7.1979,0.3845,0.6187,61.8219,,,,,
1992-06-28,-3.4228,-7.1578,0.3122,0.5378,61.777,-0.3066,0.6292,-0.3424,0.6035,62.332
1992-07-07,-3.4078,-6.9709,0.1553,0.447,61.7324,,,,,
1992-07-14,-3.354,-6.9519,0.2438,0.3486,61.6885,,,,,
1992-07-21,-3.2342,-7.0057,0.5373,0.2471,61.6463,,,,,
1992-07-28,-3.0734,-6.9752,0.8283,0.147,61.6062,,,,,
1992-08-07,-2.7882,-6.9255,1.3492,0.0541,61.5699,,,,,
1992-08-14,-2.5886,-6.8362,1.6589,-0.0308,61.5363,,,,,
1992-08-21,-2.3984,-6.7817,1.9849,-0.1067,61.5052,,,,,
1992-08-28,-2.1514,-6.4835,2.1808,-0.1728,61.4773,,,,,
1992-09-07,-1.8369,-6.053,2.3792,-0.2282,61.4536,,,,,
1992-09-14,-1.5355,-5.5431,2.4721,-0.2723,61.4338,,,,,
1992-09-21,-1.305,-5.2802,2.6701,-0.3071,61.417,,,,,
1992-09-28,-1.2038,-4.9974,2.5899,-0.3366,61.4015,-2.8412,-0.0178,-2.8728,-0.0467,61.8795
1992-10-07,-1.2791,-4.9795,2.4213,-0.367,61.385,,,,,
1992-10-14,-1.4593,-5.1168,2.1981,-0.4023,61.3662,,,,,
1992-10-21,-1.6338,-5.6119,2.3444,-0.4435,61.3452,,,,,
1992-10-28,-1.8761,-6.0533,2.3011,-0.4934,61.321,,,,,
1992-11-07,-2.128,-6.4207,2.1647,-0.5527,61.2935,,,,,
1992-11-14,-2.3576,-6.761,2.0458,-0.6236,61.263,,,,,
1992-11-21,-2.6514,-6.9491,1.6464,-0.7074,61.2287,,,,,
1992-11-28,-2.8899,-7.1068,1.327,-0.8008,61.1914,,,,,
1992-12-07,-3.0222,-7.1802,1.1357,-0.903,61.1522,,,,,
1992-12-14,-3.042,-7.0106,0.9266,-1.0139,61.1129,,,,,
1992-12-21,-2.9585,-6.7628,0.8457,-1.1304,61.0747,,,,,
1992-12-28,-2.7179,-6.4625,1.0267,-1.2484,61.0396,-1.9863,-0.7242,-1.9916,-0.7457,61.569
1993-01-07,-2.334,-5.9576,1.2895,-1.3627,61.0096,,,,,
1993-01-14,-1.8609,-5.5737,1.8519,-1.4684,60.9857,,,,,
1993-01-21,-1.2695,-5.1888,2.6498,-1.5598,60.9695,,,,,
1993-01-28,-0.5911,-4.6359,3.4538,-1.6333,60.962,,,,,
1993-02-07,0.0229,-4.2136,4.2593,-1.6886,60.9623,,,,,
1993-02-14,0.8074,-3.5917,5.2066,-1.7222,60.9725,,,,,
1993-02-21,1.5076,-2.9228,5.938,-1.7356,60.9915,,,,,
1993-02-28,2.2614,-2.2446,6.7674,-1.7285,61.0199,,,,,
1993-03-07,3.0506,-1.3895,7.4908,-1.699,61.0581,,,,,
1993-03-14,3.7654,-0.5909,8.1218,-1.6452,61.1052,,,,,
1993-03-21,4.2832,0.1232,8.4431,-1.571,61.1586,,,,,
1993-03-28,4.6619,0.6967,8.6271,-1.4789,61.2166,-1.2796,-1.6078,-1.3229,-1.6368,61.3644
1993-04-07,4.8662,1.0751,8.6573,-1.3715,61.2773,,,,,
1993-04-14,5.0763,1.1006,9.052,-1.2499,61.3405,,,,,
1993-04-21,5.1635,1.016,9.311,-1.1192,61.4049,,,,,
1993-04-28,5.1691,0.8638,9.4743,-0.9796,61.4694,,,,,
1993-05-07,5.115,0.5827,9.6473,-0.834,61.5333,,,,,
1993-05-14,4.9162,0.3578,9.4746,-0.6868,61.5949,,,,,
1993-05-21,4.6057,0.0226,9.1888,-0.5395,61.6527,,,,,
1993-05-28,4.2068,-0.4314,8.845,-0.395,61.7056,,,,,
1993-06-07,3.7167,-0.8642,8.2975,-0.2546,61.7526,,,,,
1993-06-14,3.0786,-1.3713,7.5284,-0.1211,61.7916,,,,,
1993-06-21,2.4352,-1.7109,6.5814,0.0012,61.8226,,,,,
1993-06-28,1.8206,-2.0511,5.6923,0.1114,61.8458,3.7544,-0.6208,3.7208,-0.6492,61.9274
1993-07-07,1.2214,-2.5994,5.0422,0.209,61.8615,,,,,
1993-07-14,0.5989,-3.1865,4.3844,0.2928,61.8691,,,,,
1993-07-21,-0.0361,-3.9631,3.8908,0.3607,61.8687,,,,,
1993-07-28,-0.5104,-4.6728,3.652,0.4153,61.8621,,,,,
1993-08-07,-0.8082,-5.1115,3.4951,0.4575,61.8516,,,,,
1993-08-14,-1.0448,-5.599,3.5094,0.4904,61.8381,,,,,
1993-08-21,-1.0462,-5.5863,3.4938,0.5192,61.8245,,,,,
1993-08-28,-0.9037,-5.3579,3.5504,0.5458,61.8129,,,,,
1993-09-07,-0.5612,-4.876,3.7536,0.5728,61.8056,,,,,
1993-09-14,-0.0712,-4.2376,4.0952,0.6037,61.8047,,,,,
1993-09-21,0.5865,-3.4235,4.5966,0.6435,61.8122,,,,,
1993-09-28,1.3497,-2.4291,5.1286,0.6971,61.8295,1.5508,0.4838,1.534,0.4591,62.1635
1993-10-07,2.1445,-1.5674,5.8564,0.7686,61.8568,,,,,
1993-10-14,2.9789,-1.0108,6.9686,0.8611,61.8947,,,,,
1993-10-21,3.7474,-0.44,7.9349,0.9731,61.9421,,,,,
1993-10-28,4.4557,-0.0359,8.9473,1.1047,61.9984,,,,,
1993-11-07,4.9844,0.325,9.6438,1.2526,62.0613,,,,,
1993-11-14,5.3439,0.5237,10.1641,1.4129,62.1286,,,,,
1993-11-21,5.6139,0.7363,10.4915,1.5852,62.1993,,,,,
1993-11-28,5.786,1.0622,10.5097,1.7665,62.2723,,,,,
1993-12-07,5.7828,1.2705,10.2951,1.9509,62.3453,,,,,
1993-12-14,5.6209,1.3094,9.9324,2.1328,62.4163,,,,,
1993-12-21,5.2007,0.9826,9.4188,2.3047,62.4823,,,,,
1993-12-28,4.5904,0.5642,8.6166,2.4592,62.5407,2.2272,1.5467,2.207,1.5181,62.5037
1994-01-07,3.7381,-0.2137,7.6899,2.5881,62.5886,,,,,
1994-01-14,2.7798,-1.3006,6.8602,2.6869,62.6243,,,,,
1994-01-21,1.6534,-2.5773,5.8841,2.7493,62.6457,,,,,
1994-01-28,0.6036,-3.6597,4.8668,2.7749,62.6536,,,,,
1994-02-07,-0.4886,-4.8694,3.8922,2.7639,62.6472,,,,,
1994-02-14,-1.7149,-6.1377,2.7079,2.7097,62.6246,,,,,
1994-02-21,-2.8147,-7.2869,1.6575,2.6166,62.5874,,,,,
1994-02-28,-3.7491,-8.2051,0.7068,2.4872,62.5376,,,,,
1994-03-07,-4.7178,-9.0315,-0.4041,2.32,62.4746,,,,,
1994-03-14,-5.3165,-9.4014,-1.2315,2.1249,62.4036,,,,,
1994-03-21,-5.713,-9.6471,-1.7788,1.9107,62.3272,,,,,
1994-03-28,-5.9266,-9.7254,-2.1277,1.6845,62.2479,2.2839,2.4509,2.269,2.4296,62.8553
1994-04-07,-5.797,-9.432,-2.1621,1.4576,62.1705,,,,,
1994-04-14,-5.2892,-8.9193,-1.6591,1.2383,62.1001,,,,,
1994-04-21,-4.6332,-8.3921,-0.8744,1.0323,62.0388,,,,,
1994-04-28,-3.8043,-7.8525,0.2439,0.8448,61.9887,,,,,
1994-05-07,-2.7777,-7.0153,1.4599,0.6809,61.9523,,,,,
1994-05-14,-1.6977,-6.2274,2.832,0.5444,61.9302,,,,,
1994-05-21,-0.3526,-4.9213,4.216,0.4428,61.9257,,,,,
1994-05-28,0.8931,-3.6369,5.4231,0.3752,61.9371,,,,,
1994-06-07,2.1453,-2.2455,6.536,0.3432,61.9645,,,,,
1994-06-14,3.2435,-0.9547,7.4417,0.3466,62.0057,,,,,
1994-06-21,4.1649,0.1438,8.186,0.3816,62.0585,,,,,
1994-06-28,4.8506,0.841,8.8602,0.4429,62.1197,-3.249,0.6765,-3.2864,0.6539,62.3324
1994-07-07,5.4464,1.5541,9.3387,0.5285,62.1884,,,,,
1994-07-14,5.713,1.6572,9.7689,0.6324,62.2604,,,,,
1994-07-21,5.7268,1.4533,10.0003,0.75,62.3327,,,,,
1994-07-28,5.6675,1.305,10.03,0.8765,62.4043,,,,,
1994-08-07,5.3878,0.8906,9.885,1.004,62.4726,,,,,
1994-08-14,4.9721,0.3763,9.5678,1.1283,62.5358,,,,,
1994-08-21,4.3763,-0.2081,8.9608,1.2407,62.5916,,,,,
1994-08-28,3.7741,-0.6618,8.21,1.338,62.6399,,,,,
1994-09-07,3.2113,-1.0187,7.4413,1.4167,62.6812,,,,,
1994-09-14,2.5827,-1.4592,6.6245,1.4721,62.7145,,,,,
1994-09-21,1.9612,-2.0283,5.9507,1.5008,62.7399,,,,,
1994-09-28,1.4316,-2.3919,5.2551,1.5025,62.7585,3.3347,1.1157,3.3277,1.0956,62.8446
1994-10-07,0.9141,-2.7709,4.599,1.4769,62.7704,,,,,
1994-10-14,0.6122,-3.1,4.3243,1.4277,62.7784,,,,,
1994-10-21,0.3346,-3.6284,4.2976,1.3571,62.7827,,,,,
1994-10-28,-0.066,-4.099,3.9669,1.2637,62.7819,,,,,
1994-11-07,-0.3206,-4.5081,3.8669,1.1543,62.7777,,,,,
1994-11-14,-0.5202,-4.7099,3.6695,1.0337,62.7708,,,,,
1994-11-21,-0.7909,-4.9972,3.4154,0.9021,62.7605,,,,,
1994-11-28,-1.106,-5.1991,2.9872,0.7606,62.7459,,,,,
1994-12-07,-1.4082,-5.4449,2.6285,0.6129,62.7274,,,,,
1994-12-14,-1.6691,-5.6279,2.2898,0.4631,62.7054,,,,,
1994-12-21,-1.8395,-5.6969,2.0178,0.3183,62.6811,,,,,
1994-12-28,-1.977,-5.7334,1.7795,0.1828,62.6551,1.4027,0.9113,1.3875,0.8923,63.0614
1995-01-07,-2.0158,-5.7346,1.7029,0.0638,62.6285,,,,,
1995-01-14,-2.0723,-5.778,1.6334,-0.037,62.6012,,,,,
1995-01-21,-2.0055,-5.6997,1.6887,-0.1133,62.5748,,,,,
1995-01-28,-1.916,-5.7638,1.9318,-0.1661,62.5495,,,,,
1995-02-07,-1.8004,-5.8498,2.249,-0.1937,62.5259,,,,,
1995-02-14,-1.5457,-5.7783,2.687,-0.1901,62.5056,,,,,
1995-02-21,-1.2707,-5.6681,3.1267,-0.1573,62.4889,,,,,
1995-02-28,-0.902,-5.3866,3.5825,-0.0966,62.4771,,,,,
1995-03-07,-0.4637,-4.8991,3.9716,-0.0057,62.4711,,,,,
1995-03-14,-0.0614,-4.3582,4.2353,0.1069,62.4703,,,,,
1995-03-21,0.4897,-3.7136,4.6931,0.2399,62.4766,,,,,
1995-03-28,1.0301,-2.8669,4.9271,0.389,62.49,-1.415,-0.0137,-1.4375,-0.0345,62.8336
1995-04-07,1.4723,-2.3428,5.2873,0.5445,62.509,,,,,
1995-04-14,1.9902,-1.8738,5.8542,0.6998,62.5347,,,,,
1995-04-21,2.4573,-1.6487,6.5634,0.8503,62.5663,,,,,
1995-04-28,2.9025,-1.4574,7.2624,0.992,62.6036,,,,,
1995-05-07,3.3551,-1.3158,8.0261,1.1208,62.6467,,,,,
1995-05-14,3.6355,-1.226,8.4971,1.2322,62.6933,,,,,
1995-05-21,3.7947,-1.1641,8.7536,1.3182,62.742,,,,,
1995-05-28,3.8189,-1.0686,8.7064,1.3786,62.791,,,,,
1995-06-07,3.7162,-0.9046,8.3371,1.4108,62.8387,,,,,
1995-06-14,3.559,-0.713,7.8311,1.4173,62.8845,,,,,
1995-06-21,3.3335,-0.6801,7.3471,1.4003,62.9275,,,,,
1995-06-28,3.039,-0.8111,6.8891,1.3635,62.9668,1.3097,1.1438,1.2976,1.1295,63.0364
1995-07-07,2.6456,-1.1372,6.4284,1.3067,63.001,,,,,
1995-07-14,2.1744,-1.7041,6.0529,1.2349,63.0293,,,,,
1995-07-21,1.7246,-2.37,5.8191,1.1535,63.0517,,,,,
1995-07-28,1.2589,-3.0325,5.5502,1.0637,63.0682,,,,,
1995-08-07,0.8687,-3.5779,5.3154,0.9715,63.0795,,,,,
1995-08-14,0.4161,-4.2183,5.0505,0.8782,63.085,,,,,
1995-08-21,0.0108,-4.6156,4.6372,0.7885,63.0851,,,,,
1995-08-28,-0.4723,-4.9969,4.0522,0.7008,63.0789,,,,,
1995-09-07,-0.9629,-5.3372,3.4113,0.6142,63.0662,,,,,
1995-09-14,-1.3814,-5.4598,2.6969,0.5316,63.0479,,,,,
1995-09-21,-1.8473,-5.7904,2.0957,0.4519,63.0234,,,,,
1995-09-28,-2.2531,-6.0421,1.5358,0.3745,62.9935,2.0917,0.8383,2.0934,0.8262,63.3638
1995-10-07,-2.5671,-6.2537,1.1194,0.3011,62.9594,,,,,
1995-10-14,-2.5199,-6.3176,1.2778,0.2351,62.9259,,,,,
1995-10-21,-2.2898,-6.3318,1.7522,0.1797,62.8956,,,,,
1995-10-28,-1.8147,-6.084,2.4546,0.1429,62.8716,,,,,
1995-11-07,-1.1167,-5.523,3.2897,0.1262,62.8569,,,,,
1995-11-14,-0.2427,-4.7532,4.2679,0.132,62.8537,,,,,
1995-11-21,0.6252,-3.8815,5.1319,0.1615,62.8618,,,,,
1995-11-28,1.5217,-3.0312,6.0745,0.2163,62.8816,,,,,
1995-12-07,2.4262,-2.1086,6.9609,0.296,62.913,,,,,
1995-12-14,3.3942,-1.0946,7.883,0.4009,62.9568,,,,,
1995-12-21,4.3101,0.0224,8.5979,0.5281,63.0122,,,,,
1995-12-28,5.1546,0.9787,9.3306,0.6753,63.0782,-0.8133,0.2828,-0.8403,0.2677,63.2302
1996-01-07,5.8102,1.6532,9.9672,0.8366,63.1524,,,,,
1996-01-14,6.0585,1.8177,10.2993,1.0043,63.2299,,,,,
1996-01-21,5.7961,1.4168,10.1755,1.1656,63.3041,,,,,
1996-01-28,5.1871,0.6332,9.7409,1.3131,63.3709,,,,,
1996-02-07,4.3018,-0.3272,8.9309,1.4404,63.4265,,,,,
1996-02-14,3.2743,-1.4672,8.0158,1.5415,63.4691,,,,,
1996-02-21,2.0999,-2.6523,6.852,1.6125,63.4966,,,,,
1996-02-28,0.9173,-3.8313,5.6659,1.651,63.5087,,,,,
1996-03-07,-0.2918,-4.8569,4.2732,1.6547,63.5048,,,,,
1996-03-14,-1.5597,-5.9627,2.8433,1.6227,63.484,,,,,
1996-03-21,-2.7344,-6.864,1.3952,1.5537,63.4473,,,,,
1996-03-28,-3.7238,-7.6349,0.1873,1.4518,63.3972,3.0674,1.4038,3.063,1.3932,63.709
1996-04-07,-4.5495,-8.209,-0.89,1.3226,63.3357,,,,,
1996-04-14,-5.1003,-8.812,-1.3886,1.1706,63.2667,,,,,
1996-04-21,-5.2925,-9.1978,-1.3872,1.0049,63.1951,,,,,
1996-04-28,-5.2241,-9.3863,-1.0619,0.832,63.1245,,,,,
1996-05-07,-4.9761,-9.3405,-0.6117,0.6556,63.0574,,,,,
1996-05-14,-4.6102,-9.1253,-0.0951,0.4819,62.9954,,,,,
1996-05-21,-4.0594,-8.6246,0.5057,0.3173,62.941,,,,,
1996-05-28,-3.2681,-7.691,1.1548,0.1696,62.8975,,,,,
1996-06-07,-2.2894,-6.5723,1.9934,0.0452,62.8671,,,,,
1996-06-14,-1.4785,-5.6602,2.7032,-0.0587,62.8476,,,,,
1996-06-21,-0.7855,-4.7433,3.1724,-0.1433,62.8373,,,,,
1996-06-28,-0.3138,-4.1922,3.5647,-0.2121,62.8332,-2.3931,0.4642,-2.4353,0.4459,63.3175
1996-07-07,-0.0028,-3.7095,3.7039,-0.2665,62.8332,,,,,
1996-07-14,0.2237,-3.5876,4.0349,-0.3065,62.8361,,,,,
1996-07-21,0.4085,-3.592,4.409,-0.3335,62.8414,,,,,
1996-07-28,0.4582,-3.8932,4.8096,-0.35,62.8474,,,,,
1996-08-07,0.5652,-4.0684,5.1988,-0.3563,62.8548,,,,,
1996-08-14,0.6943,-4.0499,5.4385,-0.3505,62.8638,,,,,
1996-08-21,0.7868,-3.9861,5.5597,-0.3345,62.8741,,,,,
1996-08-28,1.0098,-3.6679,5.6876,-0.3038,62.8873,,,,,
1996-09-07,1.2309,-3.3952,5.8569,-0.2583,62.9033,,,,,
1996-09-14,1.506,-2.8526,5.8646,-0.1983,62.9229,,,,,
1996-09-21,1.7965,-2.302,5.895,-0.1225,62.9462,,,,,
1996-09-28,1.9573,-1.8997,5.8143,-0.0347,62.9717,-0.8522,-0.268,-0.8774,-0.2929,63.1782
1996-10-07,2.1492,-1.6678,5.9661,0.0638,62.9996,,,,,
1996-10-14,2.2679,-1.6811,6.217,0.1638,63.029,,,,,
1996-10-21,2.366,-1.8307,6.5627,0.261,63.0597,,,,,
1996-10-28,2.4376,-1.9837,6.8589,0.3496,63.0914,,,,,
1996-11-07,2.5278,-2.2237,7.2793,0.4253,63.1242,,,,,
1996-11-14,2.5829,-2.229,7.3948,0.4838,63.1577,,,,,
1996-11-21,2.6422,-2.2056,7.4901,0.5253,63.1921,,,,,
1996-11-28,2.7112,-2.107,7.5294,0.5497,63.2273,,,,,
1996-12-07,2.8306,-1.8272,7.4885,0.558,63.2641,,,,,
1996-12-14,2.7308,-1.6136,7.0752,0.5445,63.2996,,,,,
1996-12-21,2.5554,-1.4478,6.5585,0.5089,63.3329,,,,,
1996-12-28,2.3688,-1.4357,6.1732,0.4527,63.3638,1.9001,0.4072,1.8787,0.3836,63.4728
1997-01-07,2.1638,-1.5795,5.9072,0.3794,63.392,,,,,
1997-01-14,2.0193,-1.9524,5.9911,0.2982,63.4184,,,,,
1997-01-21,1.8931,-2.2219,6.0081,0.2197,63.4432,,,,,
1997-01-28,1.8396,-2.5099,6.1891,0.1522,63.4673,,,,,
1997-02-07,1.7503,-2.8239,6.3246,0.1005,63.4903,,,,,
1997-02-14,1.7657,-2.8675,6.3989,0.0698,63.5134,,,,,
1997-02-21,1.8443,-2.8922,6.5809,0.0646,63.5376,,,,,
1997-02-28,1.9496,-2.6807,6.5798,0.0858,63.5632,,,,,
1997-03-07,2.1532,-2.2786,6.585,0.1364,63.5914,,,,,
1997-03-14,2.4089,-1.829,6.6468,0.2189,63.6229,,,,,
1997-03-21,2.7179,-1.3479,6.7837,0.3328,63.6585,,,,,
1997-03-28,3.0643,-0.8769,7.0056,0.4753,63.6985,2.2641,0.211,2.2458,0.1841,63.8262
1997-04-07,3.5657,-0.2757,7.4071,0.6463,63.745,,,,,
1997-04-14,3.9671,-0.0709,8.005,0.8378,63.7967,,,,,
1997-04-21,4.4223,0.2549,8.5896,1.0431,63.8543,,,,,
1997-04-28,4.8828,0.4685,9.2971,1.2567,63.9177,,,,,
1997-05-07,5.2882,0.7016,9.8748,1.4733,63.9864,,,,,
1997-05-14,5.711,0.9874,10.4345,1.6907,64.0605,,,,,
1997-05-21,6.1512,1.3566,10.9458,1.9052,64.1402,,,,,
1997-05-28,6.5984,1.8223,11.3745,2.1116,64.2256,,,,,
1997-06-07,7.0565,2.3518,11.7611,2.3061,64.3169,,,,,
1997-06-14,7.4528,2.8832,12.0224,2.4912,64.4133,,,,,
1997-06-21,7.7183,3.3375,12.0992,2.667,64.5132,,,,,
1997-06-28,7.8566,3.7113,12.0019,2.8356,64.6149,3.8249,1.7702,3.7979,1.7472,64.4238
1997-07-07,7.908,3.9028,11.9132,2.9988,64.7174,,,,,
1997-07-14,7.6277,3.5674,11.688,3.1519,64.8166,,,,,
1997-07-21,7.0125,2.8384,11.1865,3.2889,64.9082,,,,,
1997-07-28,6.2169,1.8244,10.6094,3.4089,64.9898,,,,,
1997-08-07,5.2415,0.7577,9.7253,3.5068,65.059,,,,,
1997-08-14,4.2769,-0.3296,8.8834,3.5823,65.1158,,,,,
1997-08-21,3.296,-1.4857,8.0776,3.6353,65.1598,,,,,
1997-08-28,2.4574,-2.2135,7.1283,3.6661,65.1928,,,,,
1997-09-07,1.7851,-2.657,6.2271,3.6779,65.2168,,,,,
1997-09-14,1.3527,-2.7494,5.4547,3.6746,65.2351,,,,,
1997-09-21,0.896,-2.9216,4.7136,3.6554,65.2472,,,,,
1997-09-28,0.6242,-2.9904,4.2388,3.627,65.2556,6.0199,3.4896,6.0061,3.4694,65.3701
1997-10-07,0.3559,-3.2359,3.9478,3.5888,65.2605,,,,,
1997-10-14,0.2728,-3.4441,3.9898,3.5463,65.2642,,,,,
1997-10-21,0.2636,-3.5839,4.1111,3.5015,65.2678,,,,,
1997-10-28,0.3908,-3.7159,4.4976,3.458,65.2731,,,,,
1997-11-07,0.6567,-3.443,4.7563,3.4183,65.282,,,,,
1997-11-14,1.086,-3.1118,5.2839,3.3866,65.2967,,,,,
1997-11-21,1.4894,-2.769,5.7478,3.3623,65.3168,,,,,
1997-11-28,1.9124,-2.4425,6.2674,3.3455,65.3426,,,,,
1997-12-07,2.2925,-1.8776,6.4627,3.3342,65.3734,,,,,
1997-12-14,2.6272,-1.4112,6.6656,3.332,65.4087,,,,,
1997-12-21,2.8096,-1.088,6.7071,3.3374,65.4465,,,,,
1997-12-28,3.0436,-0.7006,6.7877,3.3515,65.4874,1.6003,3.4134,1.5531,3.3867,65.6225
1998-01-07,3.3296,-0.3708,7.03,3.3759,65.5321,,,,,
1998-01-14,3.4475,-0.3877,7.2827,3.4059,65.5784,,,,,
1998-01-21,3.5062,-0.3202,7.3327,3.4397,65.6255,,,,,
1998-01-28,3.7236,-0.3294,7.7767,3.4792,65.6755,,,,,
1998-02-07,3.9354,-0.3356,8.2063,3.525,65.7283,,,,,
1998-02-14,4.0967,-0.4391,8.6325,3.5739,65.7833,,,,,
1998-02-21,4.2469,-0.3723,8.866,3.6242,65.8404,,,,,
1998-02-28,4.3986,-0.2205,9.0177,3.6755,65.8994,,,,,
1998-03-07,4.5541,0.0858,9.0224,3.7257,65.9606,,,,,
1998-03-14,4.6497,0.4708,8.8286,3.7725,66.0231,,,,,
1998-03-21,4.7491,0.7395,8.7587,3.8148,66.0869,,,,,
1998-03-28,4.7416,0.9258,8.5574,3.8497,66.1507,3.0258,3.6054,3.0066,3.5785,66.1102
1998-04-07,4.6887,0.9324,8.445,3.8731,66.2139,,,,,
1998-04-14,4.5301,0.7242,8.336,3.8847,66.2751,,,,,
1998-04-21,4.2787,0.2116,8.3458,3.8818,66.3329,,,,,
1998-04-28,4.0511,-0.2202,8.3224,3.8645,66.3878,,,,,
1998-05-07,3.8432,-0.4775,8.164,3.8346,66.44,,,,,
1998-05-14,3.5523,-0.894,7.9986,3.79,66.4884,,,,,
1998-05-21,3.1211,-1.3575,7.5998,3.7274,66.5309,,,,,
1998-05-28,2.7221,-1.8022,7.2464,3.6474,66.5682,,,,,
1998-06-07,2.2282,-2.1614,6.6178,3.5478,66.5988,,,,,
1998-06-14,1.6001,-2.5539,5.7541,3.4271,66.6208,,,,,
1998-06-21,0.9729,-3.1443,5.09,3.2878,66.6342,,,,,
1998-06-28,0.4725,-3.3592,4.3043,3.1353,66.6408,4.0337,3.6574,4.0152,3.6326,66.7641
1998-07-07,0.0057,-3.7487,3.7601,2.972,66.6408,,,,,
1998-07-14,-0.605,-4.341,3.1309,2.8015,66.6324,,,,,
1998-07-21,-1.2774,-5.2351,2.6804,2.6289,66.6146,,,,,
1998-07-28,-2.0263,-6.1589,2.1063,2.4563,66.5862,,,,,
1998-08-07,-2.8245,-7.1781,1.5292,2.2863,66.5464,,,,,
1998-08-14,-3.4254,-8.0025,1.1517,2.1229,66.4981,,,,,
1998-08-21,-3.7798,-8.4333,0.8738,1.972,66.4448,,,,,
1998-08-28,-4.018,-8.4481,0.4121,1.8334,66.388,,,,,
1998-09-07,-4.2252,-8.5366,0.0863,1.7044,66.3284,,,,,
1998-09-14,-4.1214,-8.275,0.0322,1.5868,66.2702,,,,,
1998-09-21,-3.9831,-7.858,-0.1083,1.482,66.2141,,,,,
1998-09-28,-3.7313,-7.3228,-0.1397,1.3885,66.1617,-0.2035,2.1016,-0.2296,2.0738,66.7257
1998-10-07,-3.2481,-6.8095,0.3134,1.3112,66.1162,,,,,
1998-10-14,-2.4403,-6.1384,1.2578,1.2534,66.0822,,,,,
1998-10-21,-1.3524,-5.3494,2.6446,1.2191,66.0634,,,,,
1998-10-28,-0.6254,-4.9221,3.6714,1.1976,66.0548,,,,,
1998-11-07,0.0909,-4.4585,4.6403,1.1858,66.056,,,,,
1998-11-14,0.5962,-4.0855,5.278,1.1755,66.0642,,,,,
1998-11-21,0.9843,-3.7921,5.7607,1.165,66.0777,,,,,
1998-11-28,1.36,-3.3301,6.05,1.1535,66.0963,,,,,
1998-12-07,1.5487,-2.9078,6.0051,1.1382,66.1175,,,,,
1998-12-14,1.7413,-2.4916,5.9743,1.1199,66.1413,,,,,
1998-12-21,2.0924,-1.8446,6.0295,1.1052,66.1698,,,,,
1998-12-28,2.3892,-1.4427,6.2211,1.0917,66.2024,-2.0331,1.1763,-2.0626,1.1528,66.379
1999-01-07,2.5368,-1.2878,6.3613,1.0755,66.2369,,,,,
1999-01-14,2.6965,-1.2011,6.594,1.0602,66.2736,,,,,
1999-01-21,2.8066,-1.2983,6.9115,1.0459,66.3119,,,,,
1999-01-28,3.1363,-1.1913,7.464,1.0339,66.3545,,,,,
1999-02-07,3.5366,-1.0551,8.1283,1.0258,66.4026,,,,,
1999-02-14,3.826,-0.9381,8.59,1.0204,66.4546,,,,,
1999-02-21,3.9946,-0.8593,8.8485,1.0153,66.5088,,,,,
1999-02-28,4.07,-0.5839,8.7238,1.0086,66.5641,,,,,
1999-03-07,3.9138,-0.5986,8.4263,0.9957,66.6174,,,,,
1999-03-14,3.673,-0.6068,7.9528,0.976,66.6675,,,,,
1999-03-21,3.307,-0.8731,7.487,0.9468,66.7127,,,,,
1999-03-28,2.8022,-1.2198,6.8242,0.9075,66.7511,2.347,1.0092,2.3233,0.9847,66.7612
1999-04-07,2.3741,-1.4955,6.2437,0.8605,66.7837,,,,,
1999-04-14,1.9535,-1.9404,5.8474,0.8081,66.8106,,,,,
1999-04-21,1.5419,-2.5455,5.6293,0.7523,66.8319,,,,,
1999-04-28,1.238,-3.0673,5.5434,0.6948,66.8491,,,,,
1999-05-07,0.9192,-3.4413,5.2797,0.6349,66.8618,,,,,
1999-05-14,0.5677,-3.934,5.0694,0.5736,66.8697,,,,,
1999-05-21,0.2946,-4.4187,5.0079,0.5153,66.8738,,,,,
1999-05-28,0.1337,-4.6472,4.9146,0.4619,66.8757,,,,,
1999-06-07,0.1454,-4.5302,4.8211,0.4188,66.8777,,,,,
1999-06-14,0.3042,-4.1261,4.7345,0.392,66.8819,,,,,
1999-06-21,0.4421,-3.7566,4.6407,0.381,66.8881,,,,,
1999-06-28,0.7195,-3.2937,4.7328,0.3861,66.8981,2.2479,0.5729,2.2269,0.5478,67.1298
1999-07-07,1.1981,-2.8045,5.2007,0.4109,66.9147,,,,,
1999-07-14,2.0185,-2.0699,6.1069,0.4654,66.9425,,,,,
1999-07-21,2.9774,-1.4332,7.388,0.5538,66.9835,,,,,
1999-07-28,4.0412,-0.7068,8.7891,0.6797,67.0388,,,,,
1999-08-07,5.372,0.2836,10.4604,0.8497,67.1119,,,,,
1999-08-14,6.7617,1.2623,12.261,1.0606,67.2034,,,,,
1999-08-21,8.3328,2.5242,14.1415,1.3106,67.3156,,,,,
1999-08-28,9.8026,3.935,15.6702,1.5949,67.4469,,,,,
1999-09-07,11.0531,5.2561,16.8501,1.9087,67.5943,,,,,
1999-09-14,12.1393,6.6125,17.6662,2.2418,67.7559,,,,,
1999-09-21,12.9259,7.8777,17.9741,2.5879,67.9277,,,,,
1999-09-28,13.3753,8.6054,18.1453,2.9381,68.1056,3.0448,1.3815,3.0027,1.3525,67.6282
1999-10-07,13.3024,8.7461,17.8587,3.2773,68.283,,,,,
1999-10-14,12.7823,8.1149,17.4496,3.5897,68.4543,,,,,
1999-10-21,11.7531,6.7332,16.773,3.8593,68.613,,,,,
1999-10-28,10.6636,5.5094,15.8178,4.0923,68.758,,,,,
1999-11-07,9.3926,4.0446,14.7407,4.2852,68.8867,,,,,
1999-11-14,8.0163,2.7027,13.3299,4.44,68.9974,,,,,
1999-11-21,6.5492,1.4254,11.6729,4.5567,69.0887,,,,,
1999-11-28,5.1318,0.1621,10.1015,4.6363,69.1608,,,,,
1999-12-07,3.959,-0.7891,8.7071,4.6875,69.2167,,,,,
1999-12-14,2.7043,-1.7511,7.1598,4.708,69.2552,,,,,
1999-12-21,1.4725,-2.7239,5.669,4.6948,69.2763,,,,,
1999-12-28,0.4312,-3.5422,4.4046,4.6527,69.2825,9.7025,4.2901,9.7246,4.2733,69.2155
2000-01-07,-0.389,-4.3199,3.5419,4.5896,69.2769,,,,,
2000-01-14,-0.8247,-4.7045,3.0552,4.5136,69.2649,,,,,
2000-01-21,-0.9297,-4.968,3.1086,4.433,69.2515,,,,,
2000-01-28,-0.8665,-5.1482,3.4152,4.3469,69.2389,,,,,
2000-02-07,-0.4421,-4.7704,3.8863,4.2618,69.2325,,,,,
2000-02-14,-0.0829,-4.6558,4.4899,4.1784,69.2313,,,,,
2000-02-21,-0.0048,-4.6832,4.6736,4.0934,69.2313,,,,,
2000-02-28,0.157,-4.5323,4.8463,4.0103,69.2335,,,,,
2000-03-07,0.2505,-4.3234,4.8245,3.9325,69.2371,,,,,
2000-03-14,0.4412,-3.9144,4.7969,3.864,69.2435,,,,,
2000-03-21,0.7283,-3.2872,4.7438,3.8093,69.2539,,,,,
2000-03-28,1.0513,-2.7191,4.8218,3.7722,69.269,1.797,4.1497,1.7688,4.1318,69.5196
2000-04-07,1.1762,-2.4414,4.7939,3.7467,69.2859,,,,,
2000-04-14,1.2402,-2.4796,4.9599,3.7315,69.3037,,,,,
2000-04-21,1.3337,-2.617,5.2844,3.7271,69.3228,,,,,
2000-04-28,1.4189,-2.9465,5.7843,3.731,69.3432,,,,,
2000-05-07,1.3697,-3.3332,6.0726,3.7406,69.3628,,,,,
2000-05-14,1.2415,-3.4982,5.9813,3.755,69.3807,,,,,
2000-05-21,1.1604,-3.5991,5.92,3.7736,69.3974,,,,,
2000-05-28,0.9948,-3.6597,5.6492,3.7921,69.4117,,,,,
2000-06-07,0.8336,-3.5885,5.2558,3.8069,69.4237,,,,,
2000-06-14,0.8618,-3.2563,4.9798,3.8189,69.4361,,,,,
2000-06-21,0.9467,-2.8994,4.7928,3.8298,69.4497,,,,,
2000-06-28,1.185,-2.5834,4.9534,3.8397,69.4668,0.7822,3.7744,0.7477,3.753,69.6492
2000-07-07,1.6165,-2.1693,5.4023,3.8487,69.49,,,,,
2000-07-14,2.2261,-1.7476,6.1998,3.8531,69.5219,,,,,
2000-07-21,2.9463,-1.3398,7.2324,3.8524,69.5639,,,,,
2000-07-28,3.6627,-0.7936,8.1189,3.8445,69.6161,,,,,
2000-08-07,4.5029,-0.22,9.2257,3.8266,69.68,,,,,
2000-08-14,5.2925,0.5603,10.0248,3.7966,69.7549,,,,,
2000-08-21,5.9512,1.2811,10.6213,3.7486,69.839,,,,,
2000-08-28,6.5212,1.9914,11.051,3.683,69.9309,,,,,
2000-09-07,7.0271,2.6616,11.3925,3.6033,70.0299,,,,,
2000-09-14,7.5577,3.2555,11.86,3.5133,70.1363,,,,,
2000-09-21,7.9404,3.6808,12.2,3.416,70.2481,,,,,
2000-09-28,8.1957,3.8984,12.4929,3.3153,70.3634,2.7127,3.6907,2.6772,3.6709,70.1107
2000-10-07,8.243,3.9729,12.5131,3.217,70.4796,,,,,
2000-10-14,7.7983,3.5604,12.0363,3.1198,70.59,,,,,
2000-10-21,6.9943,2.7235,11.2652,3.0264,70.6895,,,,,
2000-10-28,6.1978,1.7836,10.6121,2.938,70.7781,,,,,
2000-11-07,5.2117,0.8205,9.6028,2.8545,70.853,,,,,
2000-11-14,4.0979,-0.4491,8.6449,2.7753,70.9124,,,,,
2000-11-21,2.9386,-1.675,7.5522,2.7015,70.9552,,,,,
2000-11-28,1.8541,-2.833,6.5413,2.6338,70.9823,,,,,
2000-12-07,0.6927,-3.8711,5.2566,2.5656,70.9925,,,,,
2000-12-14,-0.24,-4.7151,4.235,2.5034,70.989,,,,,
2000-12-21,-1.1462,-5.3454,3.053,2.4476,70.9719,,,,,
2000-12-28,-1.7691,-5.6143,2.0761,2.4003,70.9455,5.8333,2.7641,5.839,2.7407,71.1125
2001-01-07,-1.9451,-5.609,1.7188,2.3668,70.9165,,,,,
2001-01-14,-1.907,-5.5333,1.7192,2.3434,70.8881,,,,,
2001-01-21,-1.5548,-5.4601,2.3505,2.3299,70.8649,,,,,
2001-01-28,-1.0597,-5.2759,3.1564,2.3257,70.8492,,,,,
2001-02-07,-0.5648,-5.0501,3.9204,2.3231,70.8408,,,,,
2001-02-14,-0.0628,-4.664,4.5384,2.3235,70.8399,,,,,
2001-02-21,0.482,-4.1117,5.0757,2.3339,70.847,,,,,
2001-02-28,1.1069,-3.6348,5.8485,2.354,70.8633,,,,,
2001-03-07,1.6877,-2.8809,6.2563,2.3843,70.888,,,,,
2001-03-14,2.2035,-2.1353,6.5422,2.4214,70.9202,,,,,
2001-03-21,2.5348,-1.635,6.7046,2.4594,70.9572,,,,,
2001-03-28,2.8624,-1.1265,6.8512,2.4973,70.9989,0.252,2.3719,0.213,2.3457,71.1503
2001-04-07,3.1002,-0.7443,6.9446,2.5375,71.0441,,,,,
2001-04-14,2.9758,-0.8792,6.8309,2.5739,71.0875,,,,,
2001-04-21,2.7845,-1.3776,6.9466,2.6042,71.1282,,,,,
2001-04-28,2.4917,-1.9065,6.89,2.6267,71.1647,,,,,
2001-05-07,2.3194,-2.251,6.8898,2.6467,71.1987,,,,,
2001-05-14,2.023,-2.7167,6.7626,2.6631,71.2284,,,,,
2001-05-21,1.5761,-3.0689,6.2212,2.6719,71.2516,,,,,
2001-05-28,1.1164,-3.4611,5.694,2.6745,71.2681,,,,,
2001-06-07,0.4574,-3.9733,4.8882,2.6665,71.2748,,,,,
2001-06-14,-0.0699,-4.2176,4.0778,2.6466,71.2738,,,,,
2001-06-21,-0.5897,-4.5486,3.3692,2.6138,71.265,,,,,
2001-06-28,-0.9333,-4.6587,2.7921,2.5686,71.2511,1.7807,2.6245,1.7918,2.6099,71.4669
2001-07-07,-1.0745,-4.6236,2.4746,2.5113,71.2351,,,,,
2001-07-14,-1.1279,-4.8436,2.5878,2.4401,71.2182,,,,,
2001-07-21,-0.9627,-4.8823,2.9569,2.3575,71.2039,,,,,
2001-07-28,-0.793,-4.9536,3.3676,2.2638,71.1921,,,,,
2001-08-07,-0.5722,-4.9498,3.8054,2.1578,71.1836,,,,,
2001-08-14,-0.3444,-4.8287,4.1399,2.0408,71.1784,,,,,
2001-08-21,-0.2154,-4.7159,4.2851,1.9134,71.1752,,,,,
2001-08-28,-0.0576,-4.5023,4.3871,1.7781,71.1744,,,,,
2001-09-07,0.143,-4.0964,4.3823,1.6373,71.1765,,,,,
2001-09-14,0.1423,-3.9907,4.2753,1.4861,71.1786,,,,,
2001-09-21,0.0843,-3.8893,4.058,1.3265,71.1799,,,,,
2001-09-28,0.1651,-3.6663,3.9966,1.1638,71.1823,-0.0739,1.9213,-0.1037,1.9079,71.4484
2001-10-07,0.2102,-3.4064,3.8269,1.0014,71.1854,,,,,
2001-10-14,-0.0543,-3.8559,3.7473,0.8424,71.1846,,,,,
2001-10-21,-0.2635,-4.2874,3.7605,0.6949,71.1807,,,,,
2001-10-28,-0.392,-4.5026,3.7187,0.5606,71.1749,,,,,
2001-11-07,-0.545,-4.8743,3.7843,0.4428,71.1668,,,,,
2001-11-14,-0.5332,-4.9367,3.8703,0.3476,71.1589,,,,,
2001-11-21,-0.509,-5.0307,4.0128,0.2764,71.1513,,,,,
2001-11-28,-0.503,-5.1038,4.0979,0.2275,71.1438,,,,,
2001-12-07,-0.4159,-4.9843,4.1526,0.2044,71.1376,,,,,
2001-12-14,-0.2175,-4.5396,4.1046,0.2049,71.1344,,,,,
2001-12-21,-0.2303,-4.2381,3.7776,0.2241,71.131,,,,,
2001-12-28,-0.0967,-3.8671,3.6737,0.2594,71.1296,-0.1868,0.4399,-0.1984,0.4225,71.4129
2002-01-07,-0.001,-3.6577,3.6557,0.3004,71.1296,,,,,
2002-01-14,-0.0855,-3.8388,3.6678,0.3389,71.1283,,,,,
2002-01-21,-0.3651,-4.3056,3.5755,0.364,71.1229,,,,,
2002-01-28,-0.5417,-4.7065,3.6231,0.3749,71.1148,,,,,
2002-02-07,-0.8026,-5.1595,3.5542,0.3699,71.1029,,,,,
2002-02-14,-0.8386,-5.367,3.6897,0.3536,71.0904,,,,,
2002-02-21,-0.6476,-5.3031,4.008,0.33,71.0808,,,,,
2002-02-28,-0.4643,-5.0344,4.1057,0.2972,71.0739,,,,,
2002-03-07,-0.0621,-4.5377,4.4135,0.261,71.073,,,,,
2002-03-14,0.3244,-3.9816,4.6304,0.2222,71.0778,,,,,
2002-03-21,0.605,-3.3828,4.5928,0.1826,71.0867,,,,,
2002-03-28,0.9052,-2.8012,4.6116,0.1425,71.1,-0.3265,0.2947,-0.367,0.2769,71.3473
2002-04-07,1.2878,-2.308,4.8835,0.1055,71.119,,,,,
2002-04-14,1.6398,-2.1381,5.4177,0.0782,71.1431,,,,,
2002-04-21,1.8896,-2.1436,5.9229,0.06,71.1709,,,,,
2002-04-28,2.1435,-2.204,6.491,0.0529,71.2023,,,,,
2002-05-07,2.4058,-2.2345,7.0461,0.0547,71.2376,,,,,
2002-05-14,2.6581,-2.1338,7.45,0.0676,71.2765,,,,,
2002-05-21,2.8411,-2.0848,7.767,0.0934,71.3181,,,,,
2002-05-28,2.8967,-1.9357,7.7292,0.1298,71.3606,,,,,
2002-06-07,2.7755,-1.9603,7.5113,0.1774,71.4013,,,,,
2002-06-14,2.573,-1.8291,6.9752,0.2319,71.4391,,,,,
2002-06-21,2.3517,-1.6837,6.3871,0.2928,71.4737,,,,,
2002-06-28,2.0382,-1.8087,5.8852,0.3546,71.5037,1.1606,0.1416,1.1403,0.116,71.5499
2002-07-07,1.8333,-2.0483,5.7149,0.4152,71.5308,,,,,
2002-07-14,1.237,-2.6391,5.1131,0.4646,71.5491,,,,,
2002-07-21,0.3375,-3.669,4.3439,0.4919,71.5542,,,,,
2002-07-28,-0.4739,-4.7406,3.7929,0.4987,71.5471,,,,,
2002-08-07,-1.0377,-5.6425,3.5672,0.4888,71.5315,,,,,
2002-08-14,-1.5563,-6.4036,3.291,0.4632,71.5082,,,,,
2002-08-21,-1.7597,-6.5922,3.0727,0.4306,71.4817,,,,,
2002-08-28,-1.9934,-6.6839,2.6972,0.3897,71.4517,,,,,
2002-09-07,-2.2965,-6.8956,2.3025,0.3381,71.4172,,,,,
2002-09-14,-2.3768,-6.5974,1.8437,0.2849,71.3814,,,,,
2002-09-21,-2.4764,-6.4318,1.4791,0.2307,71.3441,,,,,
2002-09-28,-2.5197,-6.2424,1.203,0.174,71.3062,0.9181,0.3892,0.9115,0.3694,71.7123
2002-10-07,-2.3187,-5.9476,1.3102,0.1207,71.2713,,,,,
2002-10-14,-2.284,-6.055,1.487,0.0736,71.237,,,,,
2002-10-21,-1.9147,-6.0894,2.26,0.0388,71.2084,,,,,
2002-10-28,-1.7987,-6.1662,2.5687,0.0092,71.1814,,,,,
2002-11-07,-1.5594,-6.0917,2.9728,-0.0122,71.1581,,,,,
2002-11-14,-1.4454,-6.1861,3.2954,-0.0314,71.1365,,,,,
2002-11-21,-1.5867,-6.3127,3.1392,-0.054,71.1128,,,,,
2002-11-28,-1.8398,-6.3349,2.6552,-0.0822,71.0853,,,,,
2002-12-07,-2.4607,-6.6881,1.7667,-0.1254,71.0485,,,,,
2002-12-14,-2.9127,-6.9331,1.1077,-0.1823,71.0047,,,,,
2002-12-21,-3.0427,-6.8559,0.7705,-0.2418,70.959,,,,,
2002-12-28,-2.9874,-6.6261,0.6514,-0.3028,70.9142,-1.9841,-0.0658,-2.0087,-0.0889,71.3495
2003-01-07,-2.6484,-6.2259,0.9291,-0.3585,70.8746,,,,,
2003-01-14,-2.2569,-6.075,1.5612,-0.4041,70.8409,,,,,
2003-01-21,-2.105,-6.0415,1.8316,-0.4406,70.8095,,,,,
2003-01-28,-2.102,-6.1638,1.9597,-0.4734,70.7781,,,,,
2003-02-07,-1.9724,-6.139,2.1943,-0.498,70.7488,,,,,
2003-02-14,-1.7378,-6.034,2.5584,-0.5169,70.7229,,,,,
2003-02-21,-1.4934,-5.8044,2.8176,-0.5346,70.7008,,,,,
2003-02-28,-1.3034,-5.5696,2.9628,-0.5522,70.6814,,,,,
2003-03-07,-1.2509,-5.4341,2.9323,-0.577,70.6629,,,,,
2003-03-14,-1.091,-5.1472,2.9653,-0.6064,70.6468,,,,,
2003-03-21,-0.7532,-4.6119,3.1056,-0.6345,70.6356,,,,,
2003-03-28,-0.5593,-4.253,3.1344,-0.6648,70.6274,-2.1332,-0.5217,-2.1727,-0.5447,70.9587
2003-04-07,-0.5386,-4.0944,3.0172,-0.7024,70.6194,,,,,
2003-04-14,-0.2773,-3.9619,3.4072,-0.7418,70.6153,,,,,
2003-04-21,-0.2559,-4.1391,3.6273,-0.7858,70.6116,,,,,
2003-04-28,-0.1987,-4.3006,3.9032,-0.8338,70.6087,,,,,
2003-05-07,-0.093,-4.2894,4.1034,-0.8848,70.6073,,,,,
2003-05-14,0.0985,-4.2122,4.4092,-0.9369,70.6087,,,,,
2003-05-21,0.3186,-4.0686,4.7058,-0.9881,70.6134,,,,,
2003-05-28,0.7885,-3.619,5.196,-1.0308,70.625,,,,,
2003-06-07,1.4896,-2.8552,5.8343,-1.0568,70.6467,,,,,
2003-06-14,2.238,-2.0909,6.567,-1.0635,70.6793,,,,,
2003-06-21,2.9709,-1.1208,7.0625,-1.0511,70.7224,,,,,
2003-06-28,3.6406,-0.2908,7.572,-1.019,70.7751,-0.469,-0.9248,-0.485,-0.9467,70.8725
2003-07-07,4.4205,0.6262,8.2148,-0.9672,70.8389,,,,,
2003-07-14,5.0431,1.1501,8.9361,-0.8911,70.9116,,,,,
2003-07-21,5.3748,1.2684,9.4812,-0.7899,70.989,,,,,
2003-07-28,5.5196,1.2624,9.7767,-0.6689,71.0685,,,,,
2003-08-07,5.7429,1.2795,10.2062,-0.5317,71.1512,,,,,
2003-08-14,5.907,1.2708,10.5432,-0.3801,71.2363,,,,,
2003-08-21,6.0543,1.2551,10.8536,-0.2212,71.3236,,,,,
2003-08-28,6.0082,1.1397,10.8767,-0.0579,71.4104,,,,,
2003-09-07,5.8577,1.0791,10.6362,0.1091,71.4951,,,,,
2003-09-14,5.5208,0.9819,10.0597,0.2715,71.5752,,,,,
2003-09-21,5.0814,0.8163,9.3464,0.4276,71.6491,,,,,
2003-09-28,4.5622,0.6432,8.4812,0.5744,71.7158,3.65,-0.261,3.6367,-0.2846,71.5083
2003-10-07,4.0984,0.3791,7.8177,0.7078,71.7758,,,,,
2003-10-14,3.9136,0.0918,7.7354,0.8369,71.8332,,,,,
2003-10-21,3.7028,-0.413,7.8186,0.954,71.8877,,,,,
2003-10-28,3.381,-1.0154,7.7774,1.0621,71.9375,,,,,
2003-11-07,3.1553,-1.5431,7.8536,1.1607,71.9841,,,,,
2003-11-14,2.837,-1.8854,7.5594,1.2504,72.026,,,,,
2003-11-21,2.4532,-2.2601,7.1666,1.3353,72.0624,,,,,
2003-11-28,2.1433,-2.4773,6.7638,1.4193,72.0942,,,,,
2003-12-07,1.9585,-2.5024,6.4194,1.5129,72.1234,,,,,
2003-12-14,1.7477,-2.3819,5.8774,1.6121,72.1494,,,,,
2003-12-21,1.7133,-2.1375,5.5641,1.7136,72.175,,,,,
2003-12-28,1.7691,-1.9412,5.4794,1.8151,72.2013,4.2203,1.2812,4.1925,1.2569,72.2463
2004-01-07,1.9082,-1.8342,5.6507,1.9121,72.2298,,,,,
2004-01-14,2.0621,-1.7817,5.9059,2.004,72.2605,,,,,
2004-01-21,2.183,-1.8508,6.2167,2.0951,72.293,,,,,
2004-01-28,2.2589,-1.9042,6.422,2.1879,72.3267,,,,,
2004-02-07,2.3586,-1.8924,6.6096,2.2799,72.3618,,,,,
2004-02-14,2.6108,-1.6143,6.836,2.3722,72.4007,,,,,
2004-02-21,2.8837,-1.3319,7.0993,2.465,72.4435,,,,,
2004-02-28,3.2068,-1.2079,7.6215,2.5604,72.4912,,,,,
2004-03-07,3.6641,-0.7557,8.0839,2.6643,72.5456,,,,,
2004-03-14,3.9517,-0.3038,8.2072,2.7707,72.6042,,,,,
2004-03-21,3.9468,-0.1214,8.015,2.8698,72.6627,,,,,
2004-03-28,3.8886,-0.046,7.8231,2.9636,72.7205,2.3768,2.4284,2.362,2.4105,72.6692
2004-04-07,3.642,-0.1499,7.4338,3.052,72.7747,,,,,
2004-04-14,3.2337,-0.6183,7.0857,3.1263,72.823,,,,,
2004-04-21,2.6433,-1.3121,6.5987,3.1879,72.8626,,,,,
2004-04-28,1.9909,-2.066,6.0478,3.2345,72.8925,,,,,
2004-05-07,1.2898,-3.0389,5.6185,3.2641,72.912,,,,,
2004-05-14,0.6627,-3.7442,5.0697,3.2762,72.922,,,,,
2004-05-21,0.1659,-4.2891,4.621,3.2729,72.9245,,,,,
2004-05-28,-0.2182,-4.558,4.1216,3.2513,72.9212,,,,,
2004-06-07,-0.613,-4.8731,3.6471,3.2063,72.9119,,,,,
2004-06-14,-0.8698,-4.9683,3.2286,3.14,72.8986,,,,,
2004-06-21,-1.1448,-4.9909,2.7013,3.0523,72.8811,,,,,
2004-06-28,-1.3312,-4.973,2.3106,2.9469,72.8608,2.4351,3.1675,2.4212,3.1501,73.1051
2004-07-07,-1.382,-4.9375,2.1736,2.8243,72.8397,,,,,
2004-07-14,-1.2715,-4.9665,2.4235,2.6916,72.8202,,,,,
2004-07-21,-1.0477,-4.895,2.7997,2.5571,72.8043,,,,,
2004-07-28,-0.6524,-4.6407,3.336,2.4284,72.7943,,,,,
2004-08-07,-0.1024,-4.3907,4.186,2.3072,72.7928,,,,,
2004-08-14,0.2229,-4.1515,4.5973,2.1897,72.7962,,,,,
2004-08-21,0.591,-3.811,4.9931,2.0771,72.8051,,,,,
2004-08-28,0.9893,-3.4576,5.4362,1.974,72.82,,,,,
2004-09-07,1.2115,-3.1547,5.5778,1.8787,72.8383,,,,,
2004-09-14,1.5425,-2.6717,5.7568,1.7972,72.8615,,,,,
2004-09-21,1.8516,-2.2311,5.9342,1.731,72.8894,,,,,
2004-09-28,2.1981,-1.687,6.0833,1.6825,72.9224,-0.2745,2.1768,-0.3007,2.1561,73.0501
2004-10-07,2.5737,-1.1942,6.3417,1.6513,72.961,,,,,
2004-10-14,2.9212,-0.9027,6.745,1.631,73.0048,,,,,
2004-10-21,3.1188,-0.9464,7.1841,1.619,73.0515,,,,,
2004-10-28,3.2967,-0.9972,7.5906,1.6173,73.1009,,,,,
2004-11-07,3.3548,-1.1228,7.8325,1.6214,73.1512,,,,,
2004-11-14,3.3916,-1.2818,8.065,1.6328,73.202,,,,,
2004-11-21,3.3104,-1.4248,8.0456,1.6504,73.2517,,,,,
2004-11-28,3.2603,-1.3829,7.9035,1.6735,73.3007,,,,,
2004-12-07,3.2955,-1.2685,7.8594,1.701,73.3502,,,,,
2004-12-14,3.3963,-1.0034,7.7961,1.7351,73.4013,,,,,
2004-12-21,3.5663,-0.5875,7.72,1.7734,73.4549,,,,,
2004-12-28,3.6762,-0.335,7.6874,1.8128,73.5102,2.1946,1.6766,2.1628,1.6549,73.4419
2005-01-07,3.7158,-0.1322,7.5637,1.8501,73.5661,,,,,
2005-01-14,3.7894,-0.132,7.7109,1.8857,73.6231,,,,,
2005-01-21,3.8347,-0.2841,7.9535,1.9197,73.6808,,,,,
2005-01-28,3.9235,-0.4768,8.3238,1.954,73.7399,,,,,
2005-02-07,3.9684,-0.7346,8.6714,1.9872,73.7997,,,,,
2005-02-14,4.1783,-0.7725,9.1291,2.0194,73.8627,,,,,
2005-02-21,4.4083,-0.665,9.4816,2.0506,73.9291,,,,,
2005-02-28,4.7153,-0.3227,9.7533,2.0815,74.0001,,,,,
2005-03-07,5.2034,0.4109,9.9958,2.1128,74.0783,,,,,
2005-03-14,5.5134,0.9871,10.0397,2.1446,74.1612,,,,,
2005-03-21,5.6664,1.3625,9.9702,2.1795,74.2464,,,,,
2005-03-28,5.7619,1.8179,9.706,2.2175,74.3331,3.8227,2.0338,3.8004,2.0102,74.1299
2005-04-07,5.6963,1.9048,9.4878,2.2594,74.419,,,,,
2005-04-14,5.6052,1.6503,9.5602,2.3078,74.5036,,,,,
2005-04-21,5.3977,1.1892,9.6061,2.3642,74.5852,,,,,
2005-04-28,5.2826,0.7195,9.8458,2.432,74.6652,,,,,
2005-05-07,5.265,0.4195,10.1104,2.5142,74.7451,,,,,
2005-05-14,5.1357,0.1944,10.077,2.607,74.8231,,,,,
2005-05-21,4.9718,0.0383,9.9053,2.7073,74.8988,,,,,
2005-05-28,4.8057,-0.0245,9.6359,2.8124,74.9721,,,,,
2005-06-07,4.5399,0.0235,9.0562,2.9208,75.0415,,,,,
2005-06-14,4.2264,-0.0763,8.5291,3.0283,75.1062,,,,,
2005-06-21,3.9376,-0.0213,7.8965,3.136,75.1667,,,,,
2005-06-28,3.7333,-0.0748,7.5413,3.2436,75.2241,5.1144,2.6945,5.0999,2.6707,75.0575
2005-07-07,3.6342,-0.1205,7.3889,3.3504,75.28,,,,,
2005-07-14,3.6644,-0.1775,7.5062,3.4554,75.3365,,,,,
2005-07-21,3.6612,-0.4168,7.7393,3.5557,75.393,,,,,
2005-07-28,3.6557,-0.6253,7.9366,3.6473,75.4494,,,,,
2005-08-07,3.6039,-0.8494,8.0573,3.726,75.5051,,,,,
2005-08-14,3.6022,-0.8927,8.097,3.7977,75.5607,,,,,
2005-08-21,3.5544,-1.0774,8.1862,3.8605,75.6157,,,,,
2005-08-28,3.7146,-0.8791,8.3082,3.9181,75.6732,,,,,
2005-09-07,4.0432,-0.4144,8.5008,3.9779,75.7357,,,,,
2005-09-14,4.2584,-0.0662,8.5829,4.0351,75.8016,,,,,
2005-09-21,4.3349,0.2509,8.419,4.0873,75.8686,,,,,
2005-09-28,4.2559,0.3916,8.1202,4.1305,75.9345,4.0704,3.7952,4.0346,3.7691,75.8034
2005-10-07,4.1824,0.341,8.0238,4.1643,75.9994,,,,,
2005-10-14,4.1326,0.1903,8.0749,4.1897,76.0635,,,,,
2005-10-21,4.094,-0.0076,8.1956,4.2101,76.1271,,,,,
2005-10-28,4.0323,-0.2851,8.3497,4.2255,76.1898,,,,,
2005-11-07,4.0029,-0.6356,8.6414,4.2391,76.2522,,,,,
2005-11-14,3.9372,-0.7749,8.6493,4.2505,76.3135,,,,,
2005-11-21,3.8705,-0.9121,8.653,4.2623,76.3739,,,,,
2005-11-28,3.9639,-0.7863,8.7141,4.277,76.4358,,,,,
2005-12-07,4.1193,-0.4582,8.6969,4.2943,76.5001,,,,,
2005-12-14,4.2111,-0.1801,8.6023,4.3114,76.5659,,,,,
2005-12-21,4.3391,0.1823,8.496,4.3275,76.6337,,,,,
2005-12-28,4.4926,0.6261,8.359,4.3446,76.7039,4.0301,4.2582,4.0091,4.2348,76.552
2006-01-07,4.6821,0.8608,8.5034,4.3647,76.777,,,,,
2006-01-14,4.85,0.9318,8.7682,4.3868,76.8528,,,,,
2006-01-21,4.8972,0.7129,9.0814,4.409,76.9294,,,,,
2006-01-28,4.8612,0.4943,9.228,4.4285,77.0055,,,,,
2006-02-07,4.9096,0.3644,9.4547,4.4481,77.0824,,,,,
2006-02-14,4.7626,-0.0069,9.532,4.4603,77.1572,,,,,
2006-02-21,4.4376,-0.4401,9.3153,4.4609,77.227,,,,,
2006-02-28,4.0634,-0.887,9.0137,4.4473,77.2911,,,,,
2006-03-07,3.5345,-1.1879,8.2568,4.4125,77.3471,,,,,
2006-03-14,3.0441,-1.3873,7.4756,4.361,77.3954,,,,,
2006-03-21,2.8003,-1.4651,7.0656,4.3013,77.4399,,,,,
2006-03-28,2.5442,-1.3043,6.3926,4.2341,77.4805,4.3598,4.3928,4.3345,4.3686,77.3684
2006-04-07,2.3772,-1.3123,6.0668,4.1649,77.5184,,,,,
2006-04-14,2.1903,-1.6939,6.0745,4.0936,77.5534,,,,,
2006-04-21,1.9763,-2.1471,6.0996,4.022,77.585,,,,,
2006-04-28,1.8363,-2.5469,6.2195,3.9499,77.6145,,,,,
2006-05-07,1.681,-2.9108,6.2729,3.8749,77.6414,,,,,
2006-05-14,1.6879,-2.9593,6.3352,3.8028,77.6685,,,,,
2006-05-21,1.6861,-2.9678,6.3401,3.7341,77.6956,,,,,
2006-05-28,1.732,-2.9156,6.3796,3.6697,77.7234,,,,,
2006-06-07,1.7992,-2.6254,6.2239,3.6124,77.7522,,,,,
2006-06-14,1.9813,-2.2425,6.2051,3.5654,77.784,,,,,
2006-06-21,2.4887,-1.5904,6.5678,3.5351,77.8239,,,,,
2006-06-28,2.9769,-0.9535,6.9073,3.5193,77.8715,2.7257,3.7946,2.694,3.7661,77.8842
2006-07-07,3.4409,-0.3932,7.2751,3.5153,77.9264,,,,,
2006-07-14,3.6692,-0.2249,7.5633,3.5154,77.9849,,,,,
2006-07-21,3.9713,-0.2175,8.1602,3.5218,78.0482,,,,,
2006-07-28,4.4923,0.0632,8.9213,3.5392,78.1197,,,,,
2006-08-07,5.0844,0.3689,9.7999,3.5698,78.2004,,,,,
2006-08-14,5.5535,0.6541,10.4529,3.6101,78.2885,,,,,
2006-08-21,6.1072,1.0781,11.1363,3.6626,78.3853,,,,,
2006-08-28,6.6387,1.584,11.6935,3.7227,78.4903,,,,,
2006-09-07,7.0742,2.2094,11.939,3.7848,78.6022,,,,,
2006-09-14,7.3699,2.7481,11.9916,3.8484,78.7187,,,,,
2006-09-21,7.6384,3.2525,12.0243,3.9158,78.8395,,,,,
2006-09-28,7.7252,3.5925,11.858,3.9867,78.9618,3.6242,3.6832,3.6016,3.658,78.5762
2006-10-07,7.5752,3.6167,11.5338,4.0562,79.082,,,,,
2006-10-14,7.2694,3.1559,11.383,4.1205,79.1977,,,,,
2006-10-21,6.7826,2.401,11.1642,4.1759,79.3061,,,,,
2006-10-28,6.2255,1.6446,10.8064,4.2212,79.4059,,,,,
2006-11-07,5.8077,0.9463,10.6692,4.2585,79.4994,,,,,
2006-11-14,5.46,0.5224,10.3976,4.2901,79.5875,,,,,
2006-11-21,4.9483,0.059,9.8375,4.3125,79.6676,,,,,
2006-11-28,4.2718,-0.547,9.0907,4.319,79.737,,,,,
2006-12-07,3.5905,-1.0825,8.2635,4.3079,79.7957,,,,,
2006-12-14,2.9135,-1.469,7.296,4.2807,79.8434,,,,,
2006-12-21,2.1803,-1.8757,6.2363,4.2353,79.8793,,,,,
2006-12-28,1.4911,-2.3416,5.3238,4.172,79.9039,6.2392,4.2293,6.2341,4.208,79.7732
2007-01-07,0.9306,-2.933,4.7943,4.0928,79.9194,,,,,
2007-01-14,0.8165,-3.0452,4.6781,4.0078,79.9329,,,,,
2007-01-21,1.2085,-2.8535,5.2705,3.9303,79.9529,,,,,
2007-01-28,1.8099,-2.5256,6.1454,3.8663,79.9828,,,,,
2007-02-07,2.8333,-1.7106,7.3772,3.8231,80.0294,,,,,
2007-02-14,3.731,-0.9064,8.3685,3.8017,80.0905,,,,,
2007-02-21,4.3857,-0.3553,9.1267,3.8006,80.1621,,,,,
2007-02-28,4.9497,0.2487,9.6507,3.819,80.2428,,,,,
2007-03-07,5.2212,0.7404,9.702,3.8539,80.328,,,,,
2007-03-14,5.6962,1.2864,10.1061,3.9089,80.4207,,,,,
2007-03-21,6.1619,1.9925,10.3313,3.9786,80.521,,,,,
2007-03-28,6.5177,2.4747,10.5607,4.061,80.627,3.0949,3.912,3.0644,3.8894,80.3775
2007-04-07,6.8252,2.8439,10.8065,4.1532,80.7379,,,,,
2007-04-14,7.1088,3.0043,11.2132,4.2553,80.8535,,,,,
2007-04-21,7.1075,2.7969,11.4181,4.362,80.9693,,,,,
2007-04-28,7.0483,2.5753,11.5213,4.4705,81.0842,,,,,
2007-05-07,6.8098,2.164,11.4556,4.5777,81.1956,,,,,
2007-05-14,6.3751,1.6727,11.0775,4.6759,81.3002,,,,,
2007-05-21,5.9771,1.3287,10.6255,4.7661,81.3986,,,,,
2007-05-28,5.3931,0.7976,9.9887,4.8433,81.4877,,,,,
2007-06-07,4.7878,0.3854,9.1903,4.9065,81.5672,,,,,
2007-06-14,4.1841,0.0097,8.3585,4.9532,81.6368,,,,,
2007-06-21,3.7387,-0.1849,7.6623,4.9797,81.6993,,,,,
2007-06-28,3.3292,-0.5187,7.177,4.9872,81.7551,5.7209,4.6612,5.6963,4.6405,81.4985
2007-07-07,2.956,-0.8509,6.763,4.9769,81.8047,,,,,
2007-07-14,2.6927,-1.1409,6.5263,4.9562,81.85,,,,,
2007-07-21,2.4759,-1.5963,6.548,4.9246,81.8917,,,,,
2007-07-28,2.2782,-1.8226,6.379,4.8777,81.9301,,,,,
2007-08-07,2.2137,-1.9943,6.4217,4.8172,81.9675,,,,,
2007-08-14,2.2233,-2.0491,6.4956,4.7473,82.0051,,,,,
2007-08-21,2.0876,-2.2001,6.3754,4.663,82.0404,,,,,
2007-08-28,2.0466,-2.1718,6.265,4.5671,82.075,,,,,
2007-09-07,1.9149,-2.2445,6.0744,4.4596,82.1075,,,,,
2007-09-14,1.8028,-2.2919,5.8976,4.3438,82.138,,,,,
2007-09-21,1.8811,-2.0799,5.8421,4.2243,82.1699,,,,,
2007-09-28,2.1647,-1.7034,6.0328,4.1093,82.2066,3.531,4.6377,3.5162,4.6189,82.2056
2007-10-07,2.4704,-1.3612,6.302,4.0039,82.2484,,,,,
2007-10-14,2.6581,-1.2567,6.5728,3.9088,82.2934,,,,,
2007-10-21,2.7451,-1.2947,6.7849,3.8254,82.3398,,,,,
2007-10-28,2.7689,-1.3298,6.8676,3.7538,82.3867,,,,,
2007-11-07,2.888,-1.299,7.075,3.6934,82.4356,,,,,
2007-11-14,2.7432,-1.4809,6.9673,3.637,82.482,,,,,
2007-11-21,2.6311,-1.6116,6.8739,3.5888,82.5267,,,,,
2007-11-28,2.5243,-1.735,6.7836,3.5523,82.5696,,,,,
2007-12-07,2.4549,-1.6781,6.5878,3.5285,82.6113,,,,,
2007-12-14,2.287,-1.709,6.2831,3.5154,82.6502,,,,,
2007-12-21,2.1774,-1.7323,6.087,3.5153,82.6873,,,,,
2007-12-28,2.1709,-1.7024,6.0443,3.5297,82.7243,2.3653,3.6705,2.3417,3.6472,82.6827
2008-01-07,2.2552,-1.579,6.0894,3.5578,82.7628,,,,,
2008-01-14,2.1933,-1.525,5.9115,3.5871,82.8002,,,,,
2008-01-21,2.2249,-1.7044,6.1543,3.6087,82.8381,,,,,
2008-01-28,2.3238,-1.7399,6.3875,3.6195,82.8778,,,,,
2008-02-07,2.5076,-1.772,6.7872,3.6127,82.9206,,,,,
2008-02-14,2.4838,-1.8698,6.8374,3.5866,82.963,,,,,
2008-02-21,2.585,-1.7942,6.9641,3.549,83.0071,,,,,
2008-02-28,2.733,-1.8182,7.2842,3.503,83.0537,,,,,
2008-03-07,2.7336,-1.778,7.2452,3.4514,83.1004,,,,,
2008-03-14,2.6999,-1.6268,7.0266,3.3895,83.1465,,,,,
2008-03-21,2.7889,-1.3869,6.9648,3.3199,83.1942,,,,,
2008-03-28,2.855,-1.1739,6.8838,3.2446,83.243,2.4268,3.5021,2.4112,3.4825,83.1767
2008-04-07,3.119,-0.7741,7.012,3.1687,83.2963,,,,,
2008-04-14,3.636,-0.329,7.601,3.0979,83.3583,,,,,
2008-04-21,4.3488,0.2123,8.4853,3.0419,83.4323,,,,,
2008-04-28,5.4334,0.8676,9.9992,3.0092,83.5243,,,,,
2008-05-07,6.5212,1.4926,11.5498,3.0034,83.6343,,,,,
2008-05-14,7.0084,1.7674,12.2494,3.0162,83.7524,,,,,
2008-05-21,6.9981,1.6768,12.3194,3.0368,83.8705,,,,,
2008-05-28,6.6788,1.3672,11.9905,3.0628,83.9835,,,,,
2008-06-07,6.0968,1.0988,11.0948,3.0894,84.0871,,,,,
2008-06-14,5.3918,0.606,10.1775,3.1142,84.1792,,,,,
2008-06-21,4.5671,-0.0592,9.1934,3.1313,84.2575,,,,,
2008-06-28,3.6883,-0.6242,8.0007,3.1387,84.3211,3.9902,3.0759,3.9696,3.0573,83.9901
2008-07-07,2.8209,-1.3012,6.9431,3.1359,84.37,,,,,
2008-07-14,1.8958,-2.2578,6.0494,3.1192,84.403,,,,,
2008-07-21,0.9437,-3.4644,5.3518,3.0868,84.4196,,,,,
2008-07-28,-0.0843,-4.7493,4.5806,3.0367,84.4181,,,,,
2008-08-07,-1.4072,-6.3366,3.5222,2.9593,84.3932,,,,,
2008-08-14,-2.6391,-7.7554,2.4772,2.8548,84.3461,,,,,
2008-08-21,-3.9264,-9.1571,1.3044,2.7248,84.2758,,,,,
2008-08-28,-5.075,-10.2748,0.1248,2.5701,84.1844,,,,,
2008-09-07,-6.0884,-10.9787,-1.198,2.3954,84.0743,,,,,
2008-09-14,-7.161,-11.768,-2.554,2.199,83.9442,,,,,
2008-09-21,-8.0491,-12.2525,-3.8458,1.9809,83.7976,,,,,
2008-09-28,-8.6765,-12.6114,-4.7417,1.7428,83.6393,1.8296,2.6498,1.823,2.6332,84.3703
2008-10-07,-9.2198,-13.1194,-5.3202,1.4864,83.4709,,,,,
2008-10-14,-9.8632,-13.8341,-5.8922,1.2118,83.2906,,,,,
2008-10-21,-10.278,-14.4348,-6.1212,0.9264,83.1026,,,,,
2008-10-28,-10.6491,-15.0089,-6.2892,0.6326,82.9079,,,,,
2008-11-07,-11.049,-15.5713,-6.5266,0.3279,82.7059,,,,,
2008-11-14,-11.1904,-15.8629,-6.5179,0.0238,82.5016,,,,,
2008-11-21,-11.1931,-15.8911,-6.495,-0.2773,82.2979,,,,,
2008-11-28,-10.4922,-14.9858,-5.9985,-0.5589,82.108,,,,,
2008-12-07,-9.2113,-13.4417,-4.9809,-0.8091,81.9429,,,,,
2008-12-14,-8.2202,-12.2961,-4.1443,-1.0328,81.7966,,,,,
2008-12-21,-7.1971,-10.984,-3.4102,-1.231,81.6694,,,,,
2008-12-28,-6.0423,-9.8296,-2.2551,-1.4033,81.5634,-8.0247,-0.0604,-8.0574,-0.0796,82.6169
2009-01-07,-4.8146,-8.5468,-1.0824,-1.5504,81.4796,,,,,
2009-01-14,-3.8761,-7.7164,-0.0359,-1.6759,81.4126,,,,,
2009-01-21,-3.4395,-7.4453,0.5662,-1.7926,81.3532,,,,,
2009-01-28,-2.9915,-7.1819,1.199,-1.9016,81.3018,,,,,
2009-02-07,-2.8685,-7.2799,1.5428,-2.0117,81.2525,,,,,
2009-02-14,-2.7634,-7.231,1.7043,-2.1189,81.2051,,,,,
2009-02-21,-2.398,-6.9157,2.1198,-2.2204,81.164,,,,,
2009-02-28,-1.9543,-6.4248,2.5161,-2.3155,81.1306,,,,,
2009-03-07,-1.1646,-5.5096,3.1804,-2.3942,81.1108,,,,,
2009-03-14,-0.2636,-4.3586,3.8314,-2.4537,81.1064,,,,,
2009-03-21,0.8267,-3.1408,4.7941,-2.4929,81.1203,,,,,
2009-03-28,1.71,-2.1909,5.611,-2.5156,81.149,-5.7625,-2.1208,-5.7688,-2.1376,81.3987
2009-04-07,2.5247,-1.2975,6.347,-2.5273,81.1911,,,,,
2009-04-14,3.1531,-0.8599,7.1662,-2.5368,81.2436,,,,,
2009-04-21,3.1902,-0.8494,7.2298,-2.5595,81.2968,,,,,
2009-04-28,3.0925,-1.1027,7.2876,-2.6051,81.3484,,,,,
2009-05-07,3.1822,-1.258,7.6224,-2.6697,81.4015,,,,,
2009-05-14,3.1862,-1.351,7.7235,-2.7434,81.4547,,,,,
2009-05-21,3.2718,-1.315,7.8587,-2.8152,81.5094,,,,,
2009-05-28,3.4925,-1.0437,8.0286,-2.8765,81.5677,,,,,
2009-06-07,3.6021,-0.8107,8.0149,-2.9247,81.6279,,,,,
2009-06-14,3.7587,-0.456,7.9733,-2.9563,81.6906,,,,,
2009-06-21,3.7665,-0.2065,7.7395,-2.9718,81.7536,,,,,
2009-06-28,3.754,-0.1347,7.6427,-2.9705,81.8164,1.2847,-2.7638,1.2641,-2.7805,81.6547
2009-07-07,3.7342,-0.067,7.5355,-2.9526,81.8789,,,,,
2009-07-14,3.6341,-0.2076,7.4758,-2.9184,81.9398,,,,,
2009-07-21,3.7262,-0.2387,7.6912,-2.8634,82.0023,,,,,
2009-07-28,3.8319,-0.3259,7.9896,-2.7856,82.0665,,,,,
2009-08-07,4.0082,-0.3124,8.3289,-2.6772,82.1338,,,,,
2009-08-14,3.946,-0.5394,8.4313,-2.5444,82.2,,,,,
2009-08-21,3.7021,-0.7868,8.191,-2.3892,82.2623,,,,,
2009-08-28,3.3134,-1.0307,7.6575,-2.2168,82.3182,,,,,
2009-09-07,2.7809,-1.414,6.9759,-2.0328,82.3652,,,,,
2009-09-14,2.4006,-1.6541,6.4553,-1.8325,82.4059,,,,,
2009-09-21,2.0441,-1.8982,5.9864,-1.6193,82.4407,,,,,
2009-09-28,1.6929,-2.1539,5.5397,-1.3986,82.4695,3.5566,-2.3541,3.5351,-2.3744,82.367
2009-10-07,1.3527,-2.3659,5.0713,-1.1721,82.4926,,,,,
2009-10-14,1.274,-2.443,4.991,-0.9319,82.5144,,,,,
2009-10-21,1.4201,-2.4912,5.3314,-0.6786,82.5386,,,,,
2009-10-28,1.5675,-2.5297,5.6648,-0.4131,82.5654,,,,,
2009-11-07,1.833,-2.3446,6.0106,-0.1321,82.5966,,,,,
2009-11-14,2.3365,-1.9464,6.6195,0.1633,82.6364,,,,,
2009-11-21,2.8533,-1.5268,7.2334,0.4702,82.6848,,,,,
2009-11-28,3.2785,-1.1698,7.7268,0.7702,82.7404,,,,,
2009-12-07,3.7425,-0.5379,8.0229,1.0505,82.8038,,,,,
2009-12-14,4.2833,0.1283,8.4383,1.3198,82.8761,,,,,
2009-12-21,4.6803,0.6643,8.6964,1.5743,82.9552,,,,,
2009-12-28,4.9889,1.0296,8.9482,1.8095,83.0393,2.4389,0.3119,2.396,0.2895,82.856
2010-01-07,5.1837,1.2725,9.0949,2.0216,83.1268,,,,,
2010-01-14,5.2037,1.2724,9.135,2.2136,83.2147,,,,,
2010-01-21,5.1995,1.1631,9.236,2.3962,83.3026,,,,,
2010-01-28,4.9693,0.7709,9.1678,2.5646,83.3868,,,,,
2010-02-07,4.7901,0.3023,9.2779,2.7269,83.4682,,,,,
2010-02-14,4.406,-0.1865,8.9986,2.8793,83.5432,,,,,
2010-02-21,4.0412,-0.6235,8.7058,3.0163,83.6122,,,,,
2010-02-28,3.5794,-1.1259,8.2847,3.1342,83.6734,,,,,
2010-03-07,2.9914,-1.5453,7.5281,3.2227,83.7248,,,,,
2010-03-14,2.4254,-1.9101,6.7608,3.28,83.7666,,,,,
2010-03-21,1.9514,-1.9932,5.896,3.3038,83.8004,,,,,
2010-03-28,1.6303,-2.0839,5.3445,3.3022,83.8286,4.0937,2.8378,4.0735,2.8115,83.6872
2010-04-07,1.4195,-2.1892,5.0281,3.2788,83.8532,,,,,
2010-04-14,1.277,-2.4358,4.9898,3.2393,83.8754,,,,,
2010-04-21,1.3517,-2.5435,5.2469,3.2007,83.8989,,,,,
2010-04-28,1.2905,-2.8133,5.3942,3.1628,83.9213,,,,,
2010-05-07,1.1965,-3.174,5.567,3.121,83.9421,,,,,
2010-05-14,1.3036,-3.1761,5.7834,3.0815,83.9647,,,,,
2010-05-21,1.4101,-3.135,5.9552,3.0424,83.9892,,,,,
2010-05-28,1.4206,-3.0641,5.9053,2.999,84.0139,,,,,
2010-06-07,1.6107,-2.6964,5.9178,2.9574,84.0419,,,,,
2010-06-14,1.8398,-2.3005,5.9802,2.9173,84.0738,,,,,
2010-06-21,2.1448,-1.6889,5.9785,2.8836,84.111,,,,,
2010-06-28,2.4472,-1.2987,6.1931,2.8564,84.1534,2.1683,3.0614,2.131,3.0308,84.1295
2010-07-07,2.7879,-0.9512,6.5269,2.8368,84.2016,,,,,
2010-07-14,3.2344,-0.6399,7.1088,2.8285,84.2575,,,,,
2010-07-21,3.5301,-0.5505,7.6107,2.8244,84.3184,,,,,
2010-07-28,3.6689,-0.5736,7.9114,2.8211,84.3817,,,,,
2010-08-07,3.7653,-0.5651,8.0957,2.8161,84.4467,,,,,
2010-08-14,3.6359,-0.749,8.0207,2.8097,84.5095,,,,,
2010-08-21,3.5914,-0.7739,7.9567,2.8074,84.5717,,,,,
2010-08-28,3.7507,-0.6686,8.17,2.8164,84.6366,,,,,
2010-09-07,4.0698,-0.3462,8.4858,2.8431,84.707,,,,,
2010-09-14,4.5878,0.3254,8.8502,2.8884,84.7862,,,,,
2010-09-21,4.9494,0.8473,9.0516,2.9486,84.8715,,,,,
2010-09-28,5.2494,1.1702,9.3286,3.0224,84.962,2.731,2.8553,2.7098,2.8249,84.6938
2010-10-07,5.344,1.3954,9.2926,3.1053,85.0542,,,,,
2010-10-14,5.1801,1.2166,9.1435,3.1866,85.1438,,,,,
2010-10-21,4.6796,0.5792,8.7801,3.2546,85.2249,,,,,
2010-10-28,3.8571,-0.3952,8.1094,3.3026,85.2922,,,,,
2010-11-07,2.8553,-1.5439,7.2546,3.3241,85.3422,,,,,
2010-11-14,1.9864,-2.6082,6.581,3.3167,85.3772,,,,,
2010-11-21,1.1325,-3.4589,5.7238,3.2804,85.3972,,,,,
2010-11-28,0.4242,-4.1858,5.0342,3.2201,85.4048,,,,,
2010-12-07,-0.0463,-4.5328,4.4402,3.1402,85.4039,,,,,
2010-12-14,-0.4067,-4.7262,3.9128,3.0413,85.3967,,,,,
2010-12-21,-0.7589,-4.7799,3.262,2.9268,85.3831,,,,,
2010-12-28,-1.1451,-4.8653,2.5751,2.7978,85.3626,3.6491,3.1578,3.6595,3.1406,85.4582
2011-01-07,-1.4552,-5.1068,2.1965,2.6583,85.3366,,,,,
2011-01-14,-1.3038,-5.0881,2.4804,2.5218,85.3132,,,,,
2011-01-21,-0.5076,-4.5866,3.5715,2.4028,85.3042,,,,,
2011-01-28,0.4499,-3.8971,4.7968,2.3089,85.3122,,,,,
2011-02-07,1.7372,-2.9288,6.4032,2.2459,85.3428,,,,,
2011-02-14,2.8278,-2.1074,7.7631,2.2135,85.3924,,,,,
2011-02-21,3.6876,-1.2489,8.624,2.2062,85.4568,,,,,
2011-02-28,4.361,-0.5195,9.2415,2.2222,85.5329,,,,,
2011-03-07,5.0558,0.3622,9.7493,2.2645,85.6208,,,,,
2011-03-14,5.5003,1.0238,9.9768,2.3276,85.7164,,,,,
2011-03-21,5.6991,1.5845,9.8136,2.4045,85.8154,,,,,
2011-03-28,5.9822,2.0958,9.8686,2.494,85.9193,0.8939,2.3557,0.8528,2.3332,85.6398
2011-04-07,5.7367,1.7442,9.7292,2.5831,86.0192,,,,,
2011-04-14,5.1749,0.8937,9.4561,2.6638,86.1097,,,,,
2011-04-21,4.3269,0.0405,8.6133,2.7257,86.1857,,,,,
2011-04-28,3.1487,-1.2543,7.5517,2.7646,86.2414,,,,,
2011-05-07,1.6288,-2.8361,6.0937,2.7738,86.2704,,,,,
2011-05-14,0.3872,-4.0789,4.8532,2.7543,86.2774,,,,,
2011-05-21,-0.4978,-4.7874,3.7917,2.7137,86.2684,,,,,
2011-05-28,-1.1114,-5.2652,3.0424,2.6596,86.2483,,,,,
2011-06-07,-1.4016,-5.3608,2.5577,2.5952,86.223,,,,,
2011-06-14,-1.9483,-5.7663,1.8697,2.5142,86.1876,,,,,
2011-06-21,-2.4792,-6.2604,1.3019,2.4154,86.1426,,,,,
2011-06-28,-3.0303,-6.7226,0.6619,2.2982,86.0874,3.2345,2.6217,3.2221,2.6054,86.3215
2011-07-07,-3.4457,-7.115,0.2236,2.1649,86.0245,,,,,
2011-07-14,-3.7175,-7.3746,-0.0605,2.0167,85.9566,,,,,
2011-07-21,-3.8829,-7.5808,-0.185,1.8589,85.8857,,,,,
2011-07-28,-3.6745,-7.4697,0.1207,1.7031,85.8188,,,,,
2011-08-07,-3.4659,-7.3675,0.4357,1.5501,85.7557,,,,,
2011-08-14,-3.0756,-7.0131,0.8619,1.4086,85.7,,,,,
2011-08-21,-2.0963,-6.1608,1.9683,1.2894,85.6621,,,,,
2011-08-28,-1.3108,-5.5664,2.9448,1.1839,85.6386,,,,,
2011-09-07,-0.3885,-4.7331,3.956,1.0916,85.6316,,,,,
2011-09-14,0.3754,-4.0037,4.7545,1.0051,85.6383,,,,,
2011-09-21,1.2838,-2.9618,5.5294,0.9303,85.6611,,,,,
2011-09-28,2.1179,-1.9281,6.164,0.8668,85.6985,-1.992,1.4213,-2.0116,1.4054,85.8841
2011-10-07,2.8904,-0.9931,6.7739,0.8173,85.7494,,,,,
2011-10-14,3.2157,-0.7001,7.1315,0.7777,85.8059,,,,,
2011-10-21,3.1249,-0.8434,7.0932,0.7463,85.861,,,,,
2011-10-28,2.8303,-1.3289,6.9895,0.7254,85.9109,,,,,
2011-11-07,2.3108,-2.144,6.7655,0.7143,85.9518,,,,,
2011-11-14,1.9115,-2.7779,6.6009,0.7128,85.9857,,,,,
2011-11-21,1.8625,-2.9007,6.6258,0.7279,86.0188,,,,,
2011-11-28,1.9253,-2.8788,6.7294,0.759,86.053,,,,,
2011-12-07,2.4337,-2.3991,7.2665,0.8105,86.0961,,,,,
2011-12-14,2.5329,-2.0495,7.1153,0.8716,86.141,,,,,
2011-12-21,2.3596,-1.8331,6.5523,0.9366,86.1828,,,,,
2011-12-28,2.0942,-1.7358,5.9242,1.0044,86.22,1.1339,0.8003,1.1324,0.7817,86.1262
2012-01-07,1.4294,-2.1542,5.013,1.0652,86.2455,,,,,
2012-01-14,0.7369,-3.0433,4.5172,1.1083,86.2587,,,,,
2012-01-21,0.351,-3.7834,4.4853,1.1264,86.265,,,,,
2012-01-28,-0.0177,-4.4678,4.4323,1.1165,86.2647,,,,,
2012-02-07,-0.1866,-4.8331,4.46,1.0763,86.2614,,,,,
2012-02-14,-0.0899,-4.7912,4.6113,1.0157,86.2597,,,,,
2012-02-21,-0.1358,-4.8352,4.5637,0.9367,86.2573,,,,,
2012-02-28,-0.2536,-4.8612,4.354,0.8416,86.2527,,,,,
2012-03-07,-0.2717,-4.6579,4.1146,0.7324,86.2479,,,,,
2012-03-14,-0.2923,-4.344,3.7595,0.6139,86.2426,,,,,
2012-03-21,-0.2612,-4.0366,3.5143,0.4923,86.2379,,,,,
2012-03-28,-0.2939,-3.9291,3.3413,0.3646,86.2326,1.1873,0.8735,1.1744,0.8619,86.378
2012-04-07,-0.2418,-3.8832,3.3995,0.243,86.2283,,,,,
2012-04-14,-0.1247,-3.9191,3.6696,0.1351,86.226,,,,,
2012-04-21,0.3404,-3.6212,4.3021,0.0538,86.2321,,,,,
2012-04-28,0.7319,-3.4773,4.9411,0.0044,86.2452,,,,,
2012-05-07,1.0823,-3.1631,5.3277,-0.0068,86.2646,,,,,
2012-05-14,1.3425,-2.946,5.631,0.0129,86.2885,,,,,
2012-05-21,1.5481,-2.7311,5.8274,0.0553,86.3162,,,,,
2012-05-28,1.9372,-2.3381,6.2125,0.1186,86.3507,,,,,
2012-06-07,2.2516,-1.8956,6.3988,0.1946,86.3907,,,,,
2012-06-14,2.6225,-1.4117,6.6567,0.2897,86.4373,,,,,
2012-06-21,2.983,-0.9096,6.8757,0.4036,86.4903,,,,,
2012-06-28,3.3346,-0.5313,7.2004,0.5367,86.5494,0.3844,0.17,0.3569,0.1546,86.4549
2012-07-07,3.7163,-0.0584,7.491,0.6867,86.6152,,,,,
2012-07-14,3.8049,-0.0582,7.6679,0.8446,86.6826,,,,,
2012-07-21,3.8095,-0.2432,7.8622,1.0065,86.7502,,,,,
2012-07-28,3.8074,-0.3595,7.9744,1.164,86.8177,,,,,
2012-08-07,3.7592,-0.4896,8.0079,1.3163,86.8845,,,,,
2012-08-14,3.5811,-0.7054,7.8676,1.4566,86.9482,,,,,
2012-08-21,3.1842,-1.1763,7.5448,1.5677,87.005,,,,,
2012-08-28,2.7321,-1.6646,7.1289,1.6526,87.0539,,,,,
2012-09-07,2.1259,-2.1775,6.4294,1.7055,87.0921,,,,,
2012-09-14,1.583,-2.5363,5.7023,1.7308,87.1206,,,,,
2012-09-21,1.0042,-2.862,4.8704,1.7249,87.1387,,,,,
2012-09-28,0.3677,-3.3649,4.1003,1.6883,87.1454,2.8227,1.3782,2.8144,1.3656,87.0569
2012-10-07,0.0112,-3.6267,3.6491,1.6282,87.1456,,,,,
2012-10-14,-0.1018,-3.7754,3.5719,1.5591,87.1437,,,,,
2012-10-21,-0.0642,-3.8917,3.7633,1.4926,87.1425,,,,,
2012-10-28,0.0837,-4.0131,4.1806,1.4354,87.1441,,,,,
2012-11-07,0.4446,-3.807,4.6962,1.3965,87.1521,,,,,
2012-11-14,0.678,-3.7202,5.0762,1.3708,87.1644,,,,,
2012-11-21,0.8105,-3.7064,5.3274,1.3489,87.179,,,,,
2012-11-28,1.0427,-3.4024,5.4879,1.3305,87.1979,,,,,
2012-12-07,1.2261,-3.1306,5.5828,1.3055,87.22,,,,,
2012-12-14,1.4951,-2.617,5.6072,1.284,87.247,,,,,
2012-12-21,1.7689,-2.1794,5.7172,1.2718,87.2789,,,,,
2012-12-28,2.0445,-1.698,5.787,1.2708,87.3157,1.1849,1.391,1.1655,1.3739,87.3095
2013-01-07,2.5785,-1.1415,6.2986,1.2945,87.362,,,,,
2013-01-14,3.0135,-0.8203,6.8472,1.3417,87.4161,,,,,
2013-01-21,3.1354,-0.9195,7.1902,1.3995,87.4723,,,,,
2013-01-28,3.2667,-1.0415,7.5748,1.4678,87.5309,,,,,
2013-02-07,3.1683,-1.3242,7.6609,1.5377,87.5878,,,,,
2013-02-14,3.1114,-1.3248,7.5476,1.6044,87.6437,,,,,
2013-02-21,3.1667,-1.3172,7.6507,1.6733,87.7007,,,,,
2013-02-28,3.0321,-1.3909,7.4551,1.742,87.7553,,,,,
2013-03-07,2.9309,-1.3936,7.2554,1.809,87.8081,,,,,
2013-03-14,2.7784,-1.3573,6.9141,1.8734,87.8582,,,,,
2013-03-21,2.7097,-1.2945,6.7139,1.9357,87.9072,,,,,
2013-03-28,2.6296,-1.2333,6.4925,1.9971,87.9547,2.1837,1.6397,2.1486,1.617,87.7747
2013-04-07,2.4886,-1.2765,6.2537,2.0545,87.9998,,,,,
2013-04-14,2.454,-1.315,6.2229,2.1087,88.0443,,,,,
2013-04-21,2.4941,-1.4872,6.4754,2.1539,88.0895,,,,,
2013-04-28,2.7077,-1.456,6.8714,2.1952,88.1385,,,,,
2013-05-07,3.0351,-1.41,7.4803,2.236,88.1934,,,,,
2013-05-14,3.2633,-1.3936,7.9203,2.276,88.2524,,,,,
2013-05-21,3.3098,-1.3917,8.0113,2.3126,88.3123,,,,,
2013-05-28,3.1773,-1.6062,7.9608,2.3384,88.3699,,,,,
2013-06-07,2.9783,-1.7383,7.6949,2.3535,88.4239,,,,,
2013-06-14,2.9423,-1.5477,7.4324,2.3601,88.4774,,,,,
2013-06-21,3.1365,-0.9589,7.232,2.3633,88.5343,,,,,
2013-06-28,3.2491,-0.6276,7.1259,2.3616,88.5933,2.856,2.2596,2.8332,2.2382,88.3899
2013-07-07,3.4303,-0.2677,7.1282,2.3557,88.6556,,,,,
2013-07-14,3.429,-0.2947,7.1527,2.3479,88.7179,,,,,
2013-07-21,3.3016,-0.7503,7.3535,2.3375,88.7779,,,,,
2013-07-28,2.9166,-1.578,7.4112,2.3191,88.8311,,,,,
2013-08-07,2.4929,-2.2886,7.2744,2.2929,88.8767,,,,,
2013-08-14,2.2581,-2.6813,7.1974,2.2655,88.9181,,,,,
2013-08-21,1.9067,-3.1687,6.9821,2.239,88.9531,,,,,
2013-08-28,1.6702,-3.3296,6.67,2.2169,88.9838,,,,,
2013-09-07,1.4717,-3.3093,6.2527,2.2032,89.0109,,,,,
2013-09-14,1.1674,-3.206,5.5408,2.1945,89.0324,,,,,
2013-09-21,0.8564,-3.1466,4.8593,2.1913,89.0482,,,,,
2013-09-28,0.4295,-3.2776,4.1366,2.1926,89.0561,2.836,2.2629,2.8151,2.2383,89.0055
2013-10-07,0.1514,-3.4234,3.7261,2.1956,89.059,,,,,
2013-10-14,0.0087,-3.7768,3.7941,2.198,89.0591,,,,,
2013-10-21,0.1435,-4.0015,4.2886,2.2024,89.0618,,,,,
2013-10-28,0.3867,-4.1102,4.8835,2.2088,89.0689,,,,,
2013-11-07,0.7367,-4.0367,5.51,2.215,89.0826,,,,,
2013-11-14,0.9919,-3.8972,5.8809,2.2216,89.1009,,,,,
2013-11-21,1.0535,-3.8147,5.9217,2.2268,89.1203,,,,,
2013-11-28,0.9725,-3.7282,5.6732,2.2253,89.1383,,,,,
2013-12-07,0.7344,-3.7639,5.2328,2.2149,89.1519,,,,,
2013-12-14,0.7115,-3.548,4.971,2.1984,89.1651,,,,,
2013-12-21,0.9321,-3.0525,4.9167,2.1808,89.1823,,,,,
2013-12-28,1.3883,-2.36,5.1366,2.1671,89.2079,0.9543,2.2046,0.9277,2.1782,89.2112
2014-01-07,2.112,-1.5749,5.7988,2.1574,89.2468,,,,,
2014-01-14,2.8153,-1.1036,6.7342,2.1533,89.2984,,,,,
2014-01-21,3.079,-1.1313,7.2894,2.1521,89.3548,,,,,
2014-01-28,3.1865,-1.3149,7.688,2.1505,89.4133,,,,,
2014-02-07,3.2178,-1.489,7.9247,2.1515,89.4723,,,,,
2014-02-14,3.297,-1.4223,8.0163,2.1553,89.5328,,,,,
2014-02-21,3.199,-1.5639,7.962,2.156,89.5915,,,,,
2014-02-28,2.9822,-1.7283,7.6926,2.155,89.6464,,,,,
2014-03-07,2.5765,-1.9493,7.1022,2.1476,89.6939,,,,,
2014-03-14,2.3451,-1.8805,6.5707,2.1386,89.7372,,,,,
2014-03-21,2.2856,-1.7357,6.3069,2.1298,89.7795,,,,,
2014-03-28,2.4332,-1.4009,6.2673,2.1258,89.8245,1.9567,2.1478,1.9384,2.1256,89.6404
2014-04-07,2.681,-1.1633,6.5254,2.1298,89.874,,,,,
2014-04-14,2.7157,-1.1003,6.5318,2.1352,89.9242,,,,,
2014-04-21,2.599,-1.4445,6.6426,2.1374,89.9722,,,,,
2014-04-28,2.5494,-1.6716,6.7704,2.1341,90.0194,,,,,
2014-05-07,2.318,-2.1742,6.8103,2.1192,90.0624,,,,,
2014-05-14,2.3657,-2.1937,6.9252,2.1007,90.1063,,,,,
2014-05-21,2.523,-2.0884,7.1344,2.0844,90.1531,,,,,
2014-05-28,2.7383,-1.7522,7.2288,2.0753,90.2039,,,,,
2014-06-07,3.0831,-1.3125,7.4786,2.0775,90.2609,,,,,
2014-06-14,3.2344,-1.0216,7.4904,2.0835,90.3208,,,,,
2014-06-21,3.2046,-0.7938,7.203,2.0849,90.3802,,,,,
2014-06-28,3.1127,-0.6795,6.905,2.0821,90.4379,2.6782,2.1036,2.6543,2.0812,90.2295
2014-07-07,3.0254,-0.6731,6.7239,2.0738,90.4941,,,,,
2014-07-14,3.0323,-0.8363,6.901,2.0656,90.5504,,,,,
2014-07-21,2.9994,-1.0121,7.011,2.0594,90.6062,,,,,
2014-07-28,3.0719,-1.1164,7.2603,2.0626,90.6633,,,,,
2014-08-07,3.0702,-1.3718,7.5122,2.0745,90.7205,,,,,
2014-08-14,3.1983,-1.3765,7.773,2.094,90.78,,,,,
2014-08-21,3.5534,-1.0498,8.1565,2.1281,90.8461,,,,,
2014-08-28,3.8132,-0.9192,8.5456,2.1725,90.9169,,,,,
2014-09-07,4.1089,-0.556,8.7738,2.2271,90.9932,,,,,
2014-09-14,4.2542,-0.0948,8.6032,2.2911,91.0722,,,,,
2014-09-21,4.2376,0.097,8.3782,2.3614,91.151,,,,,
2014-09-28,3.9962,-0.0202,8.0127,2.4359,91.2254,3.1062,2.1706,3.0988,2.1515,90.9205
2014-10-07,3.4118,-0.4024,7.2259,2.5043,91.2892,,,,,
2014-10-14,2.7793,-1.0734,6.6321,2.5626,91.3414,,,,,
2014-10-21,2.3719,-1.5916,6.3355,2.6097,91.386,,,,,
2014-10-28,2.1533,-2.2325,6.539,2.647,91.4266,,,,,
2014-11-07,1.7834,-2.8273,6.394,2.6691,91.4602,,,,,
2014-11-14,1.5185,-3.1724,6.2094,2.6802,91.489,,,,,
2014-11-21,1.3031,-3.383,5.9893,2.6855,91.5136,,,,,
2014-11-28,1.1339,-3.4872,5.755,2.6889,91.5351,,,,,
2014-12-07,0.9397,-3.4616,5.341,2.6933,91.553,,,,,
2014-12-14,0.7597,-3.4555,4.9749,2.6943,91.5674,,,,,
2014-12-21,0.5123,-3.4648,4.4894,2.6854,91.5772,,,,,
2014-12-28,0.4132,-3.3815,4.2079,2.6647,91.585,2.8574,2.6487,2.845,2.6332,91.5604
2015-01-07,0.2404,-3.4051,3.8859,2.6251,91.5896,,,,,
2015-01-14,-0.1973,-3.9867,3.5921,2.5616,91.5858,,,,,
2015-01-21,-1.0162,-4.9801,2.9478,2.475,91.5664,,,,,
2015-01-28,-1.6979,-6.0666,2.6707,2.3715,91.5337,,,,,
2015-02-07,-2.5681,-7.0339,1.8977,2.2486,91.4841,,,,,
2015-02-14,-2.9947,-7.6085,1.6191,2.1148,91.4262,,,,,
2015-02-21,-2.8579,-7.3981,1.6823,1.9862,91.371,,,,,
2015-02-28,-2.1633,-6.6017,2.2752,1.8773,91.3293,,,,,
2015-03-07,-0.9075,-5.1017,3.2866,1.804,91.312,,,,,
2015-03-14,0.0586,-4.016,4.1332,1.7561,91.3131,,,,,
2015-03-21,0.65,-3.3388,4.6387,1.7219,91.3254,,,,,
2015-03-28,0.9836,-2.7911,4.7583,1.6917,91.3441,-0.1977,2.1021,-0.218,2.0861,91.5104
2015-04-07,1.0461,-2.6643,4.7565,1.6577,91.3639,,,,,
2015-04-14,1.2691,-2.5504,5.0886,1.6277,91.3879,,,,,
2015-04-21,1.4773,-2.5894,5.544,1.6044,91.4158,,,,,
2015-04-28,1.6535,-2.5463,5.8534,1.5859,91.447,,,,,
2015-05-07,1.998,-2.3211,6.3172,1.5792,91.4847,,,,,
2015-05-14,2.4262,-1.9209,6.7733,1.5805,91.5304,,,,,
2015-05-21,2.7796,-1.6993,7.2584,1.5858,91.5827,,,,,
2015-05-28,3.1743,-1.1801,7.5288,1.5947,91.6424,,,,,
2015-06-07,3.4029,-0.8041,7.6098,1.6013,91.7063,,,,,
2015-06-14,3.5709,-0.5021,7.6439,1.6082,91.7733,,,,,
2015-06-21,3.5299,-0.4694,7.5291,1.6148,91.8397,,,,,
2015-06-28,3.4179,-0.4139,7.2497,1.6211,91.904,0.6935,1.6051,0.6717,1.5895,91.6637
2015-07-07,3.2121,-0.5521,6.9762,1.6249,91.9646,,,,,
2015-07-14,3.0586,-0.7729,6.89,1.6255,92.0223,,,,,
2015-07-21,3.004,-0.9347,6.9426,1.6256,92.0791,,,,,
2015-07-28,2.6891,-1.3718,6.7501,1.6177,92.13,,,,,
2015-08-07,2.3697,-1.7799,6.5192,1.6033,92.175,,,,,
2015-08-14,2.1848,-2.0152,6.3847,1.5824,92.2165,,,,,
2015-08-21,2.1793,-2.0758,6.4343,1.5541,92.2579,,,,,
2015-08-28,2.0958,-2.2116,6.4032,1.5188,92.2978,,,,,
2015-09-07,2.3092,-2.0438,6.6622,1.4819,92.3417,,,,,
2015-09-14,2.62,-1.5666,6.8066,1.4485,92.3914,,,,,
2015-09-21,2.85,-1.2479,6.9479,1.4202,92.4455,,,,,
2015-09-28,3.2016,-0.7214,7.1246,1.404,92.5063,2.8505,1.5421,2.8421,1.5262,92.3081
2015-10-07,3.7291,-0.0322,7.4903,1.4105,92.5768,,,,,
2015-10-14,4.0999,0.2064,7.9934,1.4375,92.6544,,,,,
2015-10-21,4.1204,0.0745,8.1663,1.4733,92.7323,,,,,
2015-10-28,4.0594,-0.2608,8.3797,1.5124,92.8093,,,,,
2015-11-07,3.7849,-0.7171,8.2869,1.5535,92.8811,,,,,
2015-11-14,3.293,-1.3307,7.9167,1.5902,92.9438,,,,,
2015-11-21,2.7662,-1.8762,7.4085,1.6206,92.9967,,,,,
2015-11-28,2.3118,-2.3221,6.9456,1.6451,93.041,,,,,
2015-12-07,1.6766,-2.8668,6.2201,1.6605,93.0732,,,,,
2015-12-14,1.123,-3.2636,5.5096,1.6681,93.0949,,,,,
2015-12-21,0.7448,-3.326,4.8155,1.673,93.1093,,,,,
2015-12-28,0.4266,-3.2936,4.1468,1.6733,93.1175,2.9973,1.5766,2.9957,1.5634,92.9918
2016-01-07,0.2611,-3.3824,3.9045,1.6737,93.1226,,,,,
2016-01-14,0.2722,-3.5765,4.121,1.6837,93.1278,,,,,
2016-01-21,0.4764,-3.6203,4.5731,1.7154,93.1371,,,,,
2016-01-28,0.8465,-3.3991,5.0921,1.7695,93.1534,,,,,
2016-02-07,1.3593,-3.1424,5.8609,1.8534,93.1796,,,,,
2016-02-14,1.5794,-3.0509,6.2097,1.9512,93.2101,,,,,
2016-02-21,1.8934,-2.9116,6.6984,2.0527,93.2465,,,,,
2016-02-28,2.0209,-2.772,6.8137,2.1417,93.2854,,,,,
2016-03-07,1.9808,-2.6527,6.6143,2.2029,93.3235,,,,,
2016-03-14,1.9182,-2.3678,6.2042,2.2421,93.3604,,,,,
2016-03-21,1.6159,-2.3911,5.623,2.2624,93.3916,,,,,
2016-03-28,1.2213,-2.5701,5.0127,2.2675,93.4152,1.4147,1.9844,1.3811,1.9679,93.3112
2016-04-07,0.8939,-2.8319,4.6197,2.2642,93.4326,,,,,
2016-04-14,0.6982,-3.0748,4.4712,2.2522,93.4461,,,,,
2016-04-21,0.6348,-3.4537,4.7234,2.2344,93.4584,,,,,
2016-04-28,0.6045,-3.6392,4.8481,2.2123,93.4702,,,,,
2016-05-07,0.6039,-3.793,5.0008,2.183,93.4819,,,,,
2016-05-14,0.6709,-3.7874,5.1292,2.1463,93.4949,,,,,
2016-05-21,0.8231,-3.6688,5.3149,2.1054,93.5109,,,,,
2016-05-28,0.8442,-3.5812,5.2696,2.0568,93.5273,,,,,
2016-06-07,0.6807,-3.5262,4.8876,2.0001,93.5405,,,,,
2016-06-14,0.6004,-3.4002,4.6009,1.9383,93.5521,,,,,
2016-06-21,0.691,-3.1272,4.5091,1.8792,93.5656,,,,,
2016-06-28,1.0698,-2.5858,4.7255,1.8305,93.5863,1.1177,2.0916,1.0912,2.074,93.5648
2016-07-07,1.396,-2.3157,5.1077,1.7928,93.6133,,,,,
2016-07-14,1.556,-2.25,5.3621,1.7617,93.6435,,,,,
2016-07-21,1.487,-2.3911,5.3652,1.7302,93.6723,,,,,
2016-07-28,1.3464,-2.7888,5.4815,1.7024,93.6984,,,,,
2016-08-07,1.0352,-3.1716,5.242,1.6746,93.7185,,,,,
2016-08-14,0.8558,-3.4694,5.1809,1.6468,93.7351,,,,,
2016-08-21,0.7349,-3.6913,5.1611,1.6167,93.7494,,,,,
2016-08-28,0.5601,-3.7943,4.9145,1.5846,93.7603,,,,,
2016-09-07,0.3925,-3.8167,4.6017,1.5446,93.768,,,,,
2016-09-14,0.2664,-3.6969,4.2297,1.4955,93.7732,,,,,
2016-09-21,0.1421,-3.7126,3.9968,1.4391,93.7759,,,,,
2016-09-28,0.1869,-3.4717,3.8454,1.3765,93.7796,0.9375,1.6136,0.9374,1.5981,93.7833
2016-10-07,0.383,-3.3339,4.0999,1.3073,93.7871,,,,,
2016-10-14,0.4624,-3.3117,4.2366,1.2322,93.7961,,,,,
2016-10-21,0.1993,-3.6857,4.0844,1.1513,93.8,,,,,
2016-10-28,-0.087,-4.0832,3.9093,1.0656,93.7983,,,,,
2016-11-07,-0.6445,-4.7622,3.4731,0.9738,93.7856,,,,,
2016-11-14,-0.7786,-4.9718,3.4146,0.8893,93.7704,,,,,
2016-11-21,-0.6377,-4.9114,3.636,0.8185,93.7579,,,,,
2016-11-28,-0.4613,-4.7786,3.856,0.7608,93.7488,,,,,
2016-12-07,0.0464,-4.2355,4.3282,0.7269,93.7497,,,,,
2016-12-14,0.3287,-3.8418,4.4993,0.7103,93.7561,,,,,
2016-12-21,0.517,-3.3871,4.4212,0.7056,93.7662,,,,,
2016-12-28,0.4898,-3.2067,4.1863,0.7069,93.7758,0.2152,0.9203,0.1982,0.901,93.8297
2017-01-07,0.4745,-3.1127,4.0617,0.7114,93.785,,,,,
2017-01-14,0.7699,-2.9856,4.5254,0.7218,93.8,,,,,
2017-01-21,1.3276,-2.636,5.2913,0.7395,93.8258,,,,,
2017-01-28,1.8283,-2.3987,6.0553,0.7598,93.8612,,,,,
2017-02-07,2.2342,-2.1365,6.605,0.7778,93.9044,,,,,
2017-02-14,2.6211,-1.7825,7.0248,0.7993,93.955,,,,,
2017-02-21,3.0137,-1.4116,7.4389,0.8222,94.0132,,,,,
2017-02-28,3.4463,-0.9576,7.8502,0.8514,94.0796,,,,,
2017-03-07,3.8565,-0.4727,8.1857,0.8897,94.1538,,,,,
2017-03-14,4.1922,0.1003,8.284,0.9361,94.2344,,,,,
2017-03-21,4.3316,0.3745,8.2888,0.9915,94.3176,,,,,
2017-03-28,4.2829,0.2828,8.283,1.0543,94.4001,1.0843,0.838,1.0536,0.8194,94.0759
2017-04-07,4.1655,0.2661,8.0649,1.1215,94.4804,,,,,
2017-04-14,3.8939,-0.0421,7.8298,1.1873,94.5556,,,,,
2017-04-21,3.5184,-0.4703,7.507,1.2469,94.6237,,,,,
2017-04-28,3.3033,-0.8205,7.4271,1.3027,94.6878,,,,,
2017-05-07,2.7287,-1.5712,7.0285,1.3468,94.7409,,,,,
2017-05-14,2.3002,-2.1404,6.7408,1.3807,94.7858,,,,,
2017-05-21,1.9714,-2.4846,6.4275,1.4047,94.8244,,,,,
2017-05-28,1.9795,-2.4919,6.4509,1.4283,94.8631,,,,,
2017-06-07,2.3372,-2.0093,6.6836,1.4628,94.9088,,,,,
2017-06-14,2.5443,-1.6754,6.764,1.5033,94.9585,,,,,
2017-06-21,2.6951,-1.4053,6.7954,1.545,95.0111,,,,,
2017-06-28,2.792,-1.0995,6.6836,1.5807,95.0656,3.2927,1.3759,3.2637,1.3568,94.8342
2017-07-07,2.8455,-0.8577,6.5487,1.6108,95.1212,,,,,
2017-07-14,3.0915,-0.5833,6.7662,1.6425,95.1816,,,,,
2017-07-21,3.4293,-0.5596,7.4183,1.6827,95.2485,,,,,
2017-07-28,3.7181,-0.591,8.0273,1.7317,95.3209,,,,,
2017-08-07,4.0801,-0.4393,8.5995,1.7946,95.4004,,,,,
2017-08-14,4.3741,-0.4477,9.1959,1.8674,95.4855,,,,,
2017-08-21,4.5434,-0.3521,9.4389,1.9462,95.5739,,,,,
2017-08-28,4.7475,-0.0435,9.5385,2.0329,95.6663,,,,,
2017-09-07,4.8548,0.1555,9.554,2.1253,95.7609,,,,,
2017-09-14,4.9315,0.5166,9.3464,2.2222,95.857,,,,,
2017-09-21,4.8571,0.6739,9.0404,2.3202,95.9517,,,,,
2017-09-28,4.5103,0.533,8.4877,2.4103,96.0399,3.2393,1.949,3.2194,1.9249,95.5885
2017-10-07,4.0607,0.2281,7.8933,2.4871,96.1196,,,,,
2017-10-14,3.6544,-0.2075,7.5163,2.5539,96.1915,,,,,
2017-10-21,3.4228,-0.6149,7.4605,2.6216,96.259,,,,,
2017-10-28,3.4229,-0.9586,7.8045,2.6954,96.3265,,,,,
2017-11-07,3.6329,-0.9605,8.2264,2.7856,96.3981,,,,,
2017-11-14,3.7658,-1.0223,8.5539,2.8816,96.4724,,,,,
2017-11-21,3.9034,-0.9453,8.7522,2.9774,96.5494,,,,,
2017-11-28,3.9233,-0.9572,8.8038,3.0699,96.6268,,,,,
2017-12-07,3.865,-0.845,8.5749,3.1504,96.7032,,,,,
2017-12-14,3.8089,-0.5964,8.2141,3.2237,96.7785,,,,,
2017-12-21,3.912,-0.2124,8.0365,3.2951,96.856,,,,,
2017-12-28,3.8681,-0.1332,7.8694,3.3663,96.9326,4.1106,2.9256,4.0864,2.8996,96.5504
2018-01-07,3.9202,0.0861,7.7544,3.439,97.0102,,,,,
2018-01-14,4.0878,0.183,7.9927,3.5088,97.0913,,,,,
2018-01-21,4.342,0.2141,8.4699,3.572,97.1773,,,,,
2018-01-28,4.6212,0.1249,9.1175,3.6304,97.2688,,,,,
2018-02-07,4.8906,0.0416,9.7396,3.6858,97.3656,,,,,
2018-02-14,5.018,0.0292,10.0068,3.7357,97.4649,,,,,
2018-02-21,5.3331,0.288,10.3782,3.7838,97.5705,,,,,
2018-02-28,5.4119,0.3394,10.4843,3.8246,97.6777,,,,,
2018-03-07,5.2074,0.3169,10.0979,3.8525,97.781,,,,,
2018-03-14,5.0436,0.548,9.5392,3.8701,97.8813,,,,,
2018-03-21,4.8036,0.6534,8.9538,3.8799,97.9771,,,,,
2018-03-28,4.3481,0.3683,8.3279,3.8812,98.064,4.2505,3.7223,4.2303,3.6989,97.5557
2018-04-07,3.8574,0.0434,7.6714,3.8748,98.1413,,,,,
2018-04-14,3.2421,-0.5978,7.082,3.8612,98.2066,,,,,
2018-04-21,2.6003,-1.4854,6.6859,3.8419,98.2591,,,,,
2018-04-28,1.8878,-2.5651,6.3407,3.8121,98.2974,,,,,
2018-05-07,1.2533,-3.4377,5.9442,3.7808,98.3229,,,,,
2018-05-14,0.5605,-4.1972,5.3181,3.7437,98.3344,,,,,
2018-05-21,-0.1574,-4.9509,4.6362,3.6981,98.3311,,,,,
2018-05-28,-0.9722,-5.6584,3.7141,3.6347,98.3111,,,,,
2018-06-07,-1.8186,-6.3177,2.6804,3.5452,98.2735,,,,,
2018-06-14,-2.3966,-6.5503,1.757,3.4388,98.2239,,,,,
2018-06-21,-2.6793,-6.5189,1.1603,3.323,98.1683,,,,,
2018-06-28,-2.6909,-6.449,1.0672,3.2051,98.1126,2.9902,3.6463,2.9827,3.6283,98.2751
2018-07-07,-2.299,-6.0258,1.4278,3.0948,98.065,,,,,
2018-07-14,-1.6334,-5.4459,2.1791,2.9941,98.0314,,,,,
2018-07-21,-0.8926,-4.8299,3.0446,2.9025,98.0131,,,,,
2018-07-28,-0.1917,-4.4802,4.0968,2.8202,98.0092,,,,,
2018-08-07,0.5439,-3.9044,4.9922,2.7462,98.0202,,,,,
2018-08-14,1.1736,-3.3723,5.7195,2.6795,98.0441,,,,,
2018-08-21,1.7248,-2.849,6.2986,2.6211,98.079,,,,,
2018-08-28,2.2946,-2.1649,6.7541,2.5704,98.1254,,,,,
2018-09-07,2.5001,-1.7499,6.75,2.5219,98.1759,,,,,
2018-09-14,2.7615,-1.2935,6.8165,2.4773,98.2316,,,,,
2018-09-21,3.0939,-0.8439,7.0318,2.4411,98.294,,,,,
2018-09-28,3.3483,-0.5788,7.2754,2.4172,98.3614,-0.5187,2.6899,-0.5615,2.666,98.1369
2018-10-07,3.3965,-0.4726,7.2656,2.4036,98.4299,,,,,
2018-10-14,3.0172,-0.8067,6.841,2.3904,98.4909,,,,,
2018-10-21,2.6759,-1.3597,6.7115,2.3749,98.5451,,,,,
2018-10-28,2.3296,-1.8601,6.5193,2.3523,98.5924,,,,,
2018-11-07,2.0708,-2.2653,6.407,2.3199,98.6345,,,,,
2018-11-14,1.6472,-2.7689,6.0633,2.2759,98.6681,,,,,
2018-11-21,1.2535,-3.2542,5.7612,2.2209,98.6937,,,,,
2018-11-28,0.9837,-3.526,5.4934,2.1598,98.7138,,,,,
2018-12-07,0.6361,-3.7723,5.0445,2.0926,98.7268,,,,,
2018-12-14,0.198,-4.1077,4.5038,2.0174,98.7309,,,,,
2018-12-21,-0.1484,-4.0753,3.7785,1.9327,98.7279,,,,,
2018-12-28,-0.4796,-4.2545,3.2954,1.8419,98.718,2.1304,2.1981,2.1298,2.1801,98.6553
2019-01-07,-0.4006,-3.9961,3.1948,1.7518,98.7097,,,,,
2019-01-14,-0.0756,-3.6883,3.5372,1.6654,98.7082,,,,,
2019-01-21,0.2336,-3.5669,4.0341,1.5803,98.713,,,,,
2019-01-28,0.586,-3.5353,4.7073,1.4971,98.725,,,,,
2019-02-07,1.0903,-3.2609,5.4415,1.4191,98.7473,,,,,
2019-02-14,1.7095,-2.8388,6.2579,1.3515,98.7822,,,,,
2019-02-21,2.0345,-2.7068,6.7757,1.2843,98.8236,,,,,
2019-02-28,2.29,-2.3843,6.9643,1.2209,98.8702,,,,,
2019-03-07,2.4378,-2.0799,6.9556,1.1647,98.9199,,,,,
2019-03-14,2.6763,-1.6326,6.9851,1.1166,98.9743,,,,,
2019-03-21,2.967,-1.0599,6.9939,1.0794,99.0346,,,,,
2019-03-28,3.0131,-0.7529,6.7792,1.0523,99.0959,0.8244,1.3478,0.808,1.3308,98.854
2019-04-07,3.2648,-0.3944,6.924,1.0402,99.1622,,,,,
2019-04-14,3.4043,-0.4276,7.2362,1.0435,99.2314,,,,,
2019-04-21,3.318,-0.6936,7.3296,1.0582,99.2989,,,,,
2019-04-28,3.1729,-1.1352,7.4809,1.0846,99.3636,,,,,
2019-05-07,3.013,-1.4497,7.4758,1.1209,99.425,,,,,
2019-05-14,2.8832,-1.5862,7.3525,1.169,99.4839,,,,,
2019-05-21,2.8019,-1.5938,7.1975,1.2306,99.5412,,,,,
2019-05-28,2.69,-1.6775,7.0574,1.3072,99.5963,,,,,
2019-06-07,2.446,-1.8588,6.7507,1.397,99.6464,,,,,
2019-06-14,1.9162,-2.1016,5.9341,1.4884,99.6858,,,,,
2019-06-21,1.3899,-2.4298,5.2096,1.575,99.7145,,,,,
2019-06-28,0.8704,-2.8987,4.6395,1.6511,99.7325,2.6489,1.2638,2.6357,1.2453,99.499
2019-07-07,0.2618,-3.4694,3.9929,1.7059,99.7379,,,,,
2019-07-14,0.0905,-3.7404,3.9214,1.7427,99.7398,,,,,
2019-07-21,-0.061,-4.0335,3.9115,1.7605,99.7386,,,,,
2019-07-28,0.0896,-3.9177,4.0968,1.7664,99.7404,,,,,
2019-08-07,0.3048,-3.9228,4.5324,1.7614,99.7467,,,,,
2019-08-14,0.5619,-3.6643,4.788,1.7485,99.7584,,,,,
2019-08-21,0.9688,-3.3118,5.2493,1.7327,99.7784,,,,,
2019-08-28,1.2536,-3.1431,5.6503,1.711,99.8043,,,,,
2019-09-07,1.365,-2.9363,5.6663,1.6874,99.8325,,,,,
2019-09-14,1.501,-2.8277,5.8296,1.6613,99.8635,,,,,
2019-09-21,1.4132,-2.735,5.5615,1.6265,99.8927,,,,,
2019-09-28,1.2793,-2.6997,5.2583,1.5837,99.9192,1.2355,1.7073,1.2166,1.6949,99.8003
2019-10-07,1.2549,-2.7421,5.2519,1.5394,99.9451,,,,,
2019-10-14,1.2184,-2.7802,5.2169,1.5021,99.9704,,,,,
2019-10-21,1.2066,-2.9152,5.3284,1.4717,99.9953,,,,,
2019-10-28,1.0499,-3.401,5.5008,1.4451,100.0171,,,,,
2019-11-07,0.8852,-3.9219,5.6923,1.4204,100.0355,,,,,
2019-11-14,0.7219,-4.1977,5.6416,1.401,100.0505,,,,,
2019-11-21,0.3441,-4.7892,5.4775,1.382,100.0576,,,,,
2019-11-28,-0.2706,-5.5459,5.0048,1.3556,100.052,,,,,
2019-12-07,-0.9324,-6.3259,4.461,1.3224,100.0324,,,,,
2019-12-14,-1.6797,-6.9478,3.5884,1.2825,99.9971,,,,,
2019-12-21,-2.3365,-7.7398,3.0667,1.2358,99.9479,,,,,
2019-12-28,-2.317,-7.6877,3.0536,1.1965,99.8991,0.82,1.3794,0.803,1.363,100
2020-01-07,-1.1079,-6.7238,4.5079,1.1814,99.8759,,,,,
2020-01-14,0.1411,-5.9383,6.2205,1.186,99.8789,,,,,
2020-01-21,0.4584,-6.3441,7.2609,1.1907,99.8884,,,,,
2020-01-28,0.34,-6.9341,7.6142,1.1856,99.8954,,,,,
2020-02-07,-0.1649,-7.8082,7.4783,1.1592,99.892,,,,,
2020-02-14,-1.9027,-9.8756,6.0703,1.0831,99.852,,,,,
2020-02-21,-4.5879,-12.9652,3.7893,0.9418,99.7544,,,,,
2020-02-28,-12.5324,-21.6385,-3.4263,0.6132,99.4765,,,,,
2020-03-07,-23.25,-32.7326,-13.7674,0.0098,98.9296,,,,,
2020-03-14,-34.9781,-43.73,-26.2262,-0.9375,98.0464,,,,,
2020-03-21,-47.8532,-55.1556,-40.5509,-2.3317,96.7254,,,,,
2020-03-28,-51.8067,-57.5906,-46.0228,-3.8652,95.2656,-4.1083,0.1161,-4.2103,0.0773,98.9304
2020-04-07,-50.5002,-55.375,-45.6254,-5.3267,93.8801,,,,,
2020-04-14,-46.6631,-52.0042,-41.322,-6.6235,92.6588,,,,,
2020-04-21,-37.7336,-44.8808,-30.5864,-7.6034,91.7488,,,,,
2020-04-28,-25.4218,-35.0557,-15.7879,-8.2261,91.1898,,,,,
2020-05-07,-5.5307,-18.3843,7.323,-8.3915,91.0818,,,,,
2020-05-14,13.865,-1.2383,28.9682,-8.1977,91.3285,,,,,
2020-05-21,25.0161,10.2188,39.8134,-7.8228,91.7543,,,,,
2020-05-28,31.5787,17.1472,46.0102,-7.3455,92.2804,,,,,
2020-06-07,35.8146,22.0189,49.6103,-6.7996,92.8708,,,,,
2020-06-14,41.627,28.5869,54.6671,-6.1585,93.5466,,,,,
2020-06-21,44.9769,33.2335,56.7203,-5.4568,94.2733,,,,,
2020-06-28,45.8649,34.9097,56.82,-4.7275,95.0176,-23.2044,-6.8894,-23.1395,-6.9028,92.6308
2020-07-07,48.8414,37.1461,60.5367,-3.9401,95.8082,,,,,
2020-07-14,45.2437,33.4636,57.0238,-3.192,96.5561,,,,,
2020-07-21,39.9139,28.3678,51.46,-2.5111,97.2341,,,,,
2020-07-28,32.5697,22.7467,42.3928,-1.9386,97.8069,,,,,
2020-08-07,24.9292,16.5062,33.3522,-1.4891,98.2615,,,,,
2020-08-14,18.2814,10.7898,25.773,-1.1554,98.6058,,,,,
2020-08-21,12.972,6.1843,19.7598,-0.9238,98.8566,,,,,
2020-08-28,9.2465,3.0982,15.3949,-0.7669,99.039,,,,,
2020-09-07,6.1914,0.5933,11.7896,-0.6707,99.163,,,,,
2020-09-14,3.7355,-1.4957,8.9667,-0.6256,99.2388,,,,,
2020-09-21,2.1507,-2.6613,6.9627,-0.6106,99.2828,,,,,
2020-09-28,0.7441,-3.7685,5.2566,-0.6216,99.2981,26.6005,-1.5366,26.6254,-1.5413,98.262
2020-10-07,0.3598,-4.1624,4.882,-0.6399,99.3055,,,,,
2020-10-14,-0.0057,-4.6082,4.5968,-0.6651,99.3054,,,,,
2020-10-21,-0.7728,-5.3487,3.8031,-0.706,99.2894,,,,,
2020-10-28,-1.3347,-6.04,3.3707,-0.7554,99.2616,,,,,
2020-11-07,-2.0955,-6.7161,2.5252,-0.8174,99.2178,,,,,
2020-11-14,-2.4875,-6.9411,1.9661,-0.8843,99.1657,,,,,
2020-11-21,-2.211,-6.613,2.191,-0.9375,99.1196,,,,,
2020-11-28,-1.7748,-6.1132,2.5636,-0.9689,99.0826,,,,,
2020-12-07,-1.1551,-5.4894,3.1791,-0.9735,99.0586,,,,,
2020-12-14,-0.4859,-4.7739,3.8021,-0.9486,99.0486,,,,,
2020-12-21,0.5356,-3.7552,4.8265,-0.8888,99.0596,,,,,
2020-12-28,1.163,-3.0397,5.3657,-0.8165,99.0835,3.7307,-0.8335,3.7075,-0.8396,99.1604
2021-01-07,2.3909,-1.7977,6.5796,-0.7446,99.1322,,,,,
2021-01-14,3.1938,-1.0633,7.451,-0.6825,99.1972,,,,,
2021-01-21,2.9832,-1.35,7.3163,-0.6311,99.258,,,,,
2021-01-28,3.7981,-0.7733,8.3694,-0.5609,99.3351,,,,,
2021-02-07,4.4841,-0.2559,9.2241,-0.4666,99.4259,,,,,
2021-02-14,5.4242,0.4171,10.4313,-0.3171,99.5354,,,,,
2021-02-21,6.7838,1.4561,12.1116,-0.083,99.6716,,,,,
2021-02-28,8.5005,2.9555,14.0456,0.3666,99.8411,,,,,
2021-03-07,10.8072,5.1254,16.489,1.1374,100.0548,,,,,
2021-03-14,12.5596,7.1171,18.0021,2.3003,100.3017,,,,,
2021-03-21,13.9098,8.6548,19.1648,3.9791,100.5742,,,,,
2021-03-28,14.291,9.3635,19.2184,5.8667,100.8545,2.4367,0.817,2.4157,0.8324,99.7539
2021-04-07,13.5418,9.1129,17.9707,7.7137,101.1217,,,,,
2021-04-14,13.5083,9.0089,18.0076,9.4219,101.389,,,,,
2021-04-21,13.0343,8.0878,17.9808,10.7896,101.6481,,,,,
2021-04-28,11.9486,6.6828,17.2144,11.7311,101.8874,,,,,
2021-05-07,10.6843,5.3343,16.0342,12.1005,102.1031,,,,,
2021-05-14,9.9292,4.4299,15.4285,12.0183,102.3047,,,,,
2021-05-21,9.1601,3.6487,14.6715,11.7023,102.4917,,,,,
2021-05-28,8.671,3.2946,14.0474,11.258,102.6694,,,,,
2021-06-07,8.4812,3.2844,13.6781,10.7384,102.8437,,,,,
2021-06-14,7.996,3.1673,12.8248,10.1147,103.0086,,,,,
2021-06-21,8.1891,3.757,12.6213,9.4453,103.1777,,,,,
2021-06-28,8.5038,4.322,12.6857,8.7727,103.3532,10.7008,10.4682,10.6794,10.4565,102.3167
2021-07-07,9.4955,5.1443,13.8467,8.0792,103.5487,,,,,
2021-07-14,9.4938,5.1334,13.8541,7.4449,103.7446,,,,,
2021-07-21,9.101,4.4855,13.7164,6.8895,103.933,,,,,
2021-07-28,8.117,3.368,12.8661,6.4364,104.1021,,,,,
2021-08-07,6.9786,2.0211,11.936,6.093,104.2486,,,,,
2021-08-14,6.2133,1.2848,11.1417,5.8554,104.3796,,,,,
2021-08-21,5.6237,0.6664,10.581,5.7072,104.4986,,,,,
2021-08-28,5.21,0.3956,10.0245,5.6243,104.6092,,,,,
2021-09-07,5.119,0.6158,9.6222,5.602,104.7181,,,,,
2021-09-14,4.9077,0.6288,9.1867,5.6267,104.8227,,,,,
2021-09-21,4.6622,0.6761,8.6484,5.6802,104.9222,,,,,
2021-09-28,4.3555,0.502,8.2091,5.7578,105.0154,8.2379,6.2241,8.2338,6.2066,104.3608
2021-10-07,4.0191,0.2053,7.8328,5.8367,105.1017,,,,,
2021-10-14,3.7931,-0.1026,7.6887,5.9189,105.1832,,,,,
2021-10-21,3.7011,-0.3673,7.7695,6.0163,105.2629,,,,,
2021-10-28,3.6268,-0.6589,7.9125,6.1247,105.3411,,,,,
2021-11-07,3.3401,-1.1186,7.7988,6.2442,105.4132,,,,,
2021-11-14,2.9756,-1.5768,7.5281,6.365,105.4776,,,,,
2021-11-21,2.3618,-2.2068,6.9304,6.4663,105.5289,,,,,
2021-11-28,1.7265,-2.7649,6.2178,6.544,105.5666,,,,,
2021-12-07,1.2553,-3.1887,5.6994,6.5975,105.594,,,,,
2021-12-14,0.9239,-3.2419,5.0898,6.6287,105.6142,,,,,
2021-12-21,0.584,-3.3532,4.5212,6.6298,105.627,,,,,
2021-12-28,0.2066,-3.4853,3.8986,6.6087,105.6316,4.1505,6.3314,4.1246,6.3133,105.4206
2022-01-07,-0.0492,-3.7054,3.6071,6.5551,105.6305,,,,,
2022-01-14,-0.2985,-3.9627,3.3658,6.4787,105.6239,,,,,
2022-01-21,-0.1065,-3.9825,3.7695,6.4112,105.6216,,,,,
2022-01-28,0.3391,-3.7299,4.408,6.3361,105.629,,,,,
2022-02-07,0.663,-3.7127,5.0387,6.2536,105.6436,,,,,
2022-02-14,0.9333,-3.6918,5.5584,6.1573,105.664,,,,,
2022-02-21,0.8733,-3.7341,5.4806,6.0314,105.6832,,,,,
2022-02-28,1.0545,-3.5143,5.6233,5.8745,105.7063,,,,,
2022-03-07,1.2573,-3.2789,5.7936,5.6759,105.7338,,,,,
2022-03-14,1.7666,-2.4897,6.0228,5.4542,105.7724,,,,,
2022-03-21,2.8278,-1.1942,6.8497,5.2296,105.8338,,,,,
2022-03-28,3.514,-0.4168,7.4447,5.0127,105.91,0.9868,5.9532,0.9475,5.9302,105.6695
2022-04-07,3.9083,0.0521,7.7644,4.8189,105.9946,,,,,
2022-04-14,4.0502,0.1543,7.946,4.629,106.0823,,,,,
2022-04-21,3.942,-0.1994,8.0834,4.4464,106.1678,,,,,
2022-04-28,4.246,-0.0723,8.5644,4.2914,106.2598,,,,,
2022-05-07,4.1427,-0.3741,8.6595,4.1591,106.3497,,,,,
2022-05-14,3.6676,-0.9038,8.239,4.0319,106.4296,,,,,
2022-05-21,3.3455,-1.2454,7.9364,3.9134,106.5026,,,,,
2022-05-28,2.9993,-1.5301,7.5287,3.7974,106.5681,,,,,
2022-06-07,2.6469,-1.721,7.0147,3.6779,106.6262,,,,,
2022-06-14,2.5114,-1.6108,6.6336,3.5654,106.6813,,,,,
2022-06-21,2.1909,-1.75,6.1318,3.4424,106.7295,,,,,
2022-06-28,2.1124,-1.676,5.9007,3.3117,106.7759,2.7768,4.004,2.7599,3.9822,106.3912
2022-07-07,1.8822,-1.7767,5.5411,3.1567,106.8174,,,,,
2022-07-14,1.689,-2.0076,5.3855,2.9979,106.8547,,,,,
2022-07-21,1.4044,-2.4616,5.2705,2.841,106.8858,,,,,
2022-07-28,1.1619,-2.9666,5.2904,2.6986,106.9115,,,,,
2022-08-07,1.1266,-3.0557,5.3088,2.5784,106.9364,,,,,
2022-08-14,1.2105,-3.1711,5.5922,2.4753,106.9633,,,,,
2022-08-21,1.1742,-3.2191,5.5674,2.3835,106.9893,,,,,
2022-08-28,1.1079,-3.1738,5.3896,2.2987,107.0138,,,,,
2022-09-07,0.9037,-3.2004,5.0079,2.2115,107.0339,,,,,
2022-09-14,0.7202,-3.2591,4.6995,2.1248,107.0499,,,,,
2022-09-21,0.397,-3.4124,4.2063,2.0363,107.0587,,,,,
2022-09-28,-0.0843,-3.7516,3.583,1.9439,107.0568,2.0209,2.4773,2.019,2.4562,106.9241
2022-10-07,-0.3253,-3.9926,3.3419,1.8533,107.0496,,,,,
2022-10-14,-0.4796,-4.2526,3.2934,1.7642,107.0389,,,,,
2022-10-21,-0.2725,-4.1063,3.5614,1.6814,107.0328,,,,,
2022-10-28,0.2906,-3.6909,4.272,1.6121,107.0392,,,,,
2022-11-07,0.8001,-3.3851,4.9853,1.5594,107.057,,,,,
2022-11-14,1.4479,-2.8292,5.7249,1.5278,107.0891,,,,,
2022-11-21,2.0997,-2.325,6.5245,1.5224,107.1355,,,,,
2022-11-28,2.7167,-1.5431,6.9765,1.5429,107.1953,,,,,
2022-12-07,3.5011,-0.6462,7.6485,1.5893,107.2722,,,,,
2022-12-14,4.0561,-0.1378,8.25,1.654,107.3611,,,,,
2022-12-21,4.5625,0.3983,8.7267,1.7362,107.4609,,,,,
2022-12-28,4.9396,0.8934,8.9858,1.834,107.5689,0.8532,1.6564,0.8336,1.6369,107.1463
2023-01-07,5.0112,1.0726,8.9497,1.9389,107.6785,,,,,
2023-01-14,4.7013,0.7853,8.6173,2.0428,107.7816,,,,,
2023-01-21,3.9417,-0.1324,8.0159,2.1273,107.8685,,,,,
2023-01-28,2.7433,-1.3815,6.868,2.1777,107.9293,,,,,
2023-02-07,1.4569,-2.8601,5.774,2.1944,107.9619,,,,,
2023-02-14,0.349,-4.1127,4.8107,2.1821,107.9697,,,,,
2023-02-21,-0.6725,-5.1613,3.8162,2.1492,107.9545,,,,,
2023-02-28,-1.323,-5.7495,3.1036,2.0986,107.9246,,,,,
2023-03-07,-1.6091,-5.8121,2.5939,2.0375,107.8881,,,,,
2023-03-14,-2.037,-6.0664,1.9923,1.9565,107.8418,,,,,
2023-03-21,-2.4779,-6.2503,1.2945,1.8441,107.7855,,,,,
2023-03-28,-2.7803,-6.4092,0.8485,1.7111,107.7222,2.5129,2.0382,2.5078,2.0274,107.8118
2023-04-07,-2.9364,-6.5198,0.647,1.5668,107.6553,,,,,
2023-04-14,-2.9618,-6.564,0.6404,1.4193,107.5879,,,,,
2023-04-21,-2.5076,-6.308,1.2927,1.284,107.531,,,,,
2023-04-28,-2.2948,-6.3114,1.7218,1.1474,107.479,,,,,
2023-05-07,-1.9529,-6.1417,2.236,1.0203,107.4349,,,,,
2023-05-14,-1.4203,-5.7559,2.9152,0.9145,107.4028,,,,,
2023-05-21,-0.748,-5.1797,3.6836,0.8295,107.386,,,,,
2023-05-28,0.1419,-4.214,4.4978,0.7705,107.3892,,,,,
2023-06-07,1.1488,-3.1593,5.4569,0.7396,107.4148,,,,,
2023-06-14,1.8422,-2.321,6.0054,0.7259,107.4556,,,,,
2023-06-21,2.0881,-1.8752,6.0514,0.7237,107.5019,,,,,
2023-06-28,2.1732,-1.6205,5.9669,0.725,107.5501,-1.3889,0.9882,-1.4378,0.9691,107.4222
2023-07-07,1.855,-1.7679,5.4778,0.7244,107.5913,,,,,
2023-07-14,1.7584,-2.0424,5.5591,0.7259,107.6303,,,,,
2023-07-21,2.1129,-1.9244,6.1502,0.7405,107.6772,,,,,
2023-07-28,2.6212,-1.5389,6.7814,0.7705,107.7353,,,,,
2023-08-07,3.4268,-0.8662,7.7198,0.8178,107.8109,,,,,
2023-08-14,4.0319,-0.3689,8.4327,0.8755,107.8998,,,,,
2023-08-21,4.5044,-0.0342,9.043,0.9436,107.9988,,,,,
2023-08-28,4.5777,0.0392,9.1162,1.0146,108.0996,,,,,
2023-09-07,4.5522,0.0552,9.0492,1.0894,108.1999,,,,,
2023-09-14,4.257,-0.1004,8.6144,1.1621,108.2939,,,,,
2023-09-21,3.6498,-0.4752,7.7749,1.2293,108.3748,,,,,
2023-09-28,2.6692,-1.1651,6.5035,1.2867,108.4343,1.8605,0.9485,1.8393,0.9246,107.9128
2023-10-07,1.5736,-2.2079,5.355,1.3265,108.4696,,,,,
2023-10-14,0.6555,-3.1692,4.4801,1.3504,108.4844,,,,,
2023-10-21,0.0172,-3.9864,4.0208,1.3566,108.4847,,,,,
2023-10-28,-0.5604,-4.7148,3.594,1.3386,108.472,,,,,
2023-11-07,-0.9118,-5.1381,3.3145,1.3024,108.4513,,,,,
2023-11-14,-1.1369,-5.478,3.2041,1.248,108.4255,,,,,
2023-11-21,-1.5269,-5.8369,2.7831,1.1717,108.3908,,,,,
2023-11-28,-1.6876,-6.0116,2.6363,1.0794,108.3523,,,,,
2023-12-07,-1.7436,-5.934,2.4467,0.9699,108.3126,,,,,
2023-12-14,-1.7591,-5.6856,2.1675,0.849,108.2726,,,,,
2023-12-21,-1.8165,-5.702,2.069,0.7169,108.2313,,,,,
2023-12-28,-1.709,-5.5291,2.111,0.5796,108.1924,1.488,1.107,1.4798,1.0859,108.3098
2024-01-07,-1.644,-5.3858,2.0979,0.4425,108.155,,,,,
2024-01-14,-1.334,-5.0596,2.3916,0.3184,108.1248,,,,,
2024-01-21,-0.8532,-4.7282,3.0218,0.2197,108.1055,,,,,
2024-01-28,-0.1796,-4.2638,3.9046,0.1595,108.1014,,,,,
2024-02-07,0.6649,-3.6688,4.9986,0.1431,108.1164,,,,,
2024-02-14,1.3744,-3.1848,5.9337,0.1643,108.1471,,,,,
2024-02-21,2.1245,-2.5571,6.806,0.2223,108.1945,,,,,
2024-02-28,2.7741,-1.9176,7.4658,0.3073,108.2562,,,,,
2024-03-07,3.3604,-1.3359,8.0568,0.4103,108.3307,,,,,
2024-03-14,4.0115,-0.4194,8.4424,0.5357,108.4196,,,,,
2024-03-21,4.4574,0.2734,8.6414,0.6797,108.5181,,,,,
2024-03-28,4.6815,0.6796,8.6835,0.8349,108.6216,-0.4448,0.3697,-0.4714,0.3433,108.1819
2024-04-07,4.7059,0.9259,8.4859,0.9943,108.7257,,,,,
2024-04-14,4.4817,0.6159,8.3474,1.1499,108.825,,,,,
2024-04-21,4.2456,0.0666,8.4245,1.2911,108.9194,,,,,
2024-04-28,3.9741,-0.5649,8.5131,1.4224,109.0078,,,,,
2024-05-07,3.5973,-1.1782,8.3728,1.5388,109.0881,,,,,
2024-05-14,3.314,-1.6202,8.2482,1.6381,109.1622,,,,,
2024-05-21,2.7673,-2.2027,7.7374,1.7118,109.2243,,,,,
2024-05-28,1.9645,-2.7828,6.7118,1.7501,109.2686,,,,,
2024-06-07,0.8954,-3.5754,5.3662,1.7448,109.2889,,,,,
2024-06-14,0.1742,-4.0433,4.3918,1.7098,109.2929,,,,,
2024-06-21,-0.2303,-4.1504,3.6898,1.6611,109.2876,,,,,
2024-06-28,-0.2649,-4.0518,3.522,1.61,109.2816,3.2034,1.5184,3.1882,1.5005,109.034
2024-07-07,0.0705,-3.7137,3.8546,1.5725,109.2832,,,,,
2024-07-14,0.4547,-3.4699,4.3794,1.5453,109.2935,,,,,
2024-07-21,0.6933,-3.3304,4.7171,1.5157,109.3092,,,,,
2024-07-28,1.1156,-3.1478,5.379,1.4844,109.3345,,,,,
2024-08-07,1.4887,-2.8871,5.8645,1.4444,109.3682,,,,,
2024-08-14,1.833,-2.7269,6.3929,1.3993,109.4096,,,,,
2024-08-21,2.1068,-2.4383,6.6519,1.3503,109.4571,,,,,
2024-08-28,1.9957,-2.5231,6.5145,1.2975,109.5022,,,,,
2024-09-07,1.4851,-2.721,5.6912,1.2347,109.5358,,,,,
2024-09-14,1.2567,-2.7649,5.2783,1.1731,109.5643,,,,,
2024-09-21,1.4071,-2.5136,5.3277,1.127,109.5962,,,,,
2024-09-28,1.7237,-2.0248,5.4721,1.1075,109.6352,1.202,1.3539,1.1675,1.3327,109.3509
2024-10-07,1.98,-1.7104,5.6704,1.1159,109.68,,,,,
2024-10-14,2.145,-1.6253,5.9153,1.1469,109.7285,,,,,
2024-10-21,2.298,-1.7416,6.3376,1.1944,109.7805,,,,,
2024-10-28,2.2672,-1.8884,6.4227,1.2535,109.8318,,,,,
2024-11-07,2.5647,-1.7924,6.9219,1.3263,109.8897,,,,,
2024-11-14,2.9786,-1.5451,7.5022,1.4124,109.957,,,,,
2024-11-21,3.2652,-1.3684,7.8988,1.5129,110.0306,,,,,
2024-11-28,3.4297,-1.1213,7.9806,1.6202,110.1079,,,,,
2024-12-07,3.3919,-1.0064,7.7902,1.7282,110.1845,,,,,
2024-12-14,3.2659,-0.961,7.4928,1.8339,110.2582,,,,,
2024-12-21,3.0557,-0.9398,7.0511,1.9367,110.3274,,,,,
2024-12-28,3.0762,-0.693,6.8454,2.0377,110.3971,2.1133,1.5097,2.0917,1.4851,109.9183
2025-01-07,3.2388,-0.4592,6.9367,2.1408,110.4704,,,,,
2025-01-14,3.307,-0.581,7.195,2.2386,110.5453,,,,,
2025-01-21,3.421,-0.6504,7.4923,2.3286,110.6228,,,,,
2025-01-28,3.6152,-0.6179,7.8482,2.4082,110.7047,,,,,
2025-02-07,3.8406,-0.5375,8.2187,2.4744,110.7916,,,,,
2025-02-14,3.8188,-0.6753,8.313,2.5253,110.8782,,,,,
2025-02-21,3.7891,-0.7405,8.3186,2.5599,110.9641,,,,,
2025-02-28,3.4004,-1.1261,7.927,2.5728,111.0414,,,,,
2025-03-07,2.7717,-1.523,7.0664,2.5606,111.1047,,,,,
2025-03-14,2.0667,-2.0147,6.148,2.5203,111.1521,,,,,
2025-03-21,1.52,-2.3601,5.4001,2.4594,111.187,,,,,
2025-03-28,0.6653,-3.2124,4.543,2.3759,111.2024,3.2169,2.4305,3.1934,2.4067,110.7855
2025-04-07,-0.3074,-4.055,3.4403,2.2713,111.1952,,,,,
2025-04-14,-1.2146,-5.0772,2.648,2.152,111.1669,,,,,
2025-04-21,-1.4672,-5.3869,2.4525,2.0321,111.1327,,,,,
2025-04-28,-1.6012,-5.6041,2.4017,1.915,111.0953,,,,,
2025-05-07,-1.5957,-5.6398,2.4484,1.8059,111.0581,,,,,
2025-05-14,-1.463,-5.5567,2.6307,1.7055,111.024,,,,,
2025-05-21,-1.2728,-5.3766,2.8309,1.6206,110.9944,,,,,
2025-05-28,-1.0457,-5.2454,3.1539,1.5571,110.9701,,,,,
2025-06-07,-0.6551,-4.8906,3.5803,1.5244,110.9549,,,,,
2025-06-14,-0.6252,-4.7539,3.5036,1.5074,110.9404,,,,,
2025-06-21,-0.8592,-4.8393,3.1209,1.4941,110.9204,,,,,
2025-06-28,-1.2518,-5.0117,2.5081,1.473,110.8913,0.5057,1.7544,0.4935,1.7315,110.9219
2025-07-07,-1.7796,-5.4385,1.8793,1.4336,110.8499,,,,,
2025-07-14,-2.1739,-5.8124,1.4646,1.3776,110.7991,,,,,
2025-07-21,-2.5368,-6.2369,1.1633,1.3087,110.7398,,,,,
2025-07-28,-2.8454,-6.7797,1.0889,1.2244,110.6732,,,,,
2025-08-07,-3.03,-7.1384,1.0784,1.1284,110.6023,,,,,
2025-08-14,-2.9083,-7.2285,1.4119,1.028,110.5343,,,,,
2025-08-21,-2.6072,-7.1764,1.9619,0.9286,110.4735,,,,,
2025-08-28,-2.155,-6.8274,2.5175,0.8413,110.4234,,,,,
2025-09-07,-1.622,-6.2378,2.9938,0.776,110.3858,,,,,
2025-09-14,-1.0322,-5.4764,3.412,0.728,110.3619,,,,,
2025-09-21,-0.321,-4.516,3.874,0.6919,110.3545,,,,,
2025-09-28,0.4972,-3.6167,4.611,0.6665,110.3659,-1.7241,1.0108,-1.7449,0.9913,110.4349
2025-10-07,1.251,-2.8318,5.3337,0.6514,110.3945,,,,,
2025-10-14,1.9023,-2.1483,5.9529,0.6464,110.4379,,,,,
2025-10-21,2.2938,-1.8512,6.4388,0.6464,110.4901,,,,,
2025-10-28,2.5621,-1.8373,6.9615,0.6524,110.5483,,,,,
2025-11-07,2.5811,-2.0852,7.2474,0.6527,110.607,,,,,
2025-11-14,2.6232,-2.4661,7.7125,0.6455,110.6667,,,,,
2025-11-21,2.7632,-2.7011,8.2274,0.6353,110.7296,,,,,
2025-11-28,2.9373,-3.0275,8.9022,0.6253,110.7964,,,,,
2025-12-07,3.1723,-3.2873,9.6319,0.6208,110.8685,,,,,
2025-12-14,3.3057,-3.6137,10.225,0.6216,110.9436,,,,,
2025-12-21,3.7591,-3.8262,11.3443,0.6359,111.0289,,,,,
2025-12-28,4.4749,-3.6863,12.6362,0.6641,111.1302,0.6281,0.6415,0.6043,0.6214,110.6013
2026-01-07,5.232,-3.357,13.821,0.7042,111.2484,,,,,
2026-01-14,5.6941,-3.3082,14.6964,0.7522,111.3768,,,,,
2026-01-21,5.4766,-3.5385,14.4916,0.7935,111.5006,,,,,
2026-01-28,4.9408,-4.0572,13.9387,0.8202,111.6127,,,,,
2026-02-07,4.2028,-4.6965,13.1022,0.8275,111.7084,,,,,
2026-02-14,3.5677,-5.2222,12.3577,0.8224,111.7901,,,,,
2026-02-21,3.1027,-5.428,11.6335,0.8085,111.8612,,,,,
2026-02-28,2.783,-5.6098,11.1758,0.7959,111.9252,,,,,
2026-03-07,2.4794,-5.7293,10.6881,0.7899,111.9824,,,,,
2026-03-14,2.1465,-5.9951,10.288,0.7916,112.0319,,,,,
2026-03-21,2.0108,-6.064,10.0857,0.8017,112.0784,,,,,
2026-03-28,1.9906,-6.1722,10.1535,0.8292,112.1244,3.8473,0.7948,,,
2026-04-07,1.9261,-6.3982,10.2503,0.8757,112.169,1.4354,1.0271,,,
